Protocollo;Gruppo;DataOraIncidente;Localizzazione1;STRADA1;Localizzazione2;STRADA2;Strada02;Chilometrica;DaSpecificare;NaturaIncidente;particolaritastrade;TipoStrada;FondoStradale;Pavimentazione;Segnaletica;CondizioneAtmosferica;Traffico;Visibilita;Illuminazione;NUM_FERITI;NUM_RISERVATA;NUM_MORTI;NUM_ILLESI;Longitudine;Latitudine;Confermato;Progressivo;TipoVeicolo;StatoVeicolo;TipoPersona;Sesso;Tipolesione;Deceduto;DecedutoDopo;CinturaCascoUtilizzato;Airbag
2364369;11;08/05/2015 00:30;Strada Urbana;VIA CRISTOFORO COLOMBO;all'intersezione semaforizzata con;VIA ROSA GUARNIERI CARDUCCI;VIA ROSA GUARNIERI CARDUCCI;;;Scontro frontale/laterale SX fra veicoli in marcia;Intersezione semaforizzata;Più di due carreggiate;Asciutto;Asfaltata;Verticale ed orizzontale;Sereno;Scarso;Sufficiente;Sufficiente;0;0;0;1;12.49288;41.85598;-1;1;Autovettura privata;In marcia / fermata / arresto;Conducente;M;Illeso;0;;Non accertato;Inesploso
2364385;5;07/05/2015 14:00;Strada Urbana;VIA S.GIOVANNI IN ARGENTELLA;in prossimità;;del civico n.;141;;Veicolo in marcia contro veicolo in sosta;Rettilineo;Una carreggiata a doppio senso;Asciutto;Asfaltata;Orizzontale;Sereno;Scarso;Buona;Ore Diurne;0;0;0;1;12.60148;41.94988;-1;2;Autovettura privata;In marcia / fermata / arresto;Conducente;M;Illeso;0;;Non accertato;
2364389;12;06/05/2015 09:15;Strada Urbana;VIALE DELL'OCEANO ATLANTICO;in prossimità;;del civico n.;25;;Scontro laterale fra veicoli in marcia;Rettilineo;Una carreggiata a doppio senso;Asciutto;Asfaltata;Verticale ed orizzontale;Sereno;Normale;Buona;Ore Diurne;0;0;0;7;12.47927;41.82087;-1;1;Autovettura privata;In marcia / fermata / arresto;Conducente;M;Illeso;0;;Utilizzato;Inesploso
2364389;12;06/05/2015 09:15;Strada Urbana;VIALE DELL'OCEANO ATLANTICO;in prossimità;;del civico n.;25;;Scontro laterale fra veicoli in marcia;Rettilineo;Una carreggiata a doppio senso;Asciutto;Asfaltata;Verticale ed orizzontale;Sereno;Normale;Buona;Ore Diurne;0;0;0;7;12.47927;41.82087;-1;1;Autovettura privata;In marcia / fermata / arresto;Passeggero;F;Illeso;0;;Utilizzato;Inesploso
2364389;12;06/05/2015 09:15;Strada Urbana;VIALE DELL'OCEANO ATLANTICO;in prossimità;;del civico n.;25;;Scontro laterale fra veicoli in marcia;Rettilineo;Una carreggiata a doppio senso;Asciutto;Asfaltata;Verticale ed orizzontale;Sereno;Normale;Buona;Ore Diurne;0;0;0;7;12.47927;41.82087;-1;1;Autovettura privata;In marcia / fermata / arresto;Passeggero;F;Illeso;0;;Utilizzato;Inesploso
2364389;12;06/05/2015 09:15;Strada Urbana;VIALE DELL'OCEANO ATLANTICO;in prossimità;;del civico n.;25;;Scontro laterale fra veicoli in marcia;Rettilineo;Una carreggiata a doppio senso;Asciutto;Asfaltata;Verticale ed orizzontale;Sereno;Normale;Buona;Ore Diurne;0;0;0;7;12.47927;41.82087;-1;1;Autovettura privata;In marcia / fermata / arresto;Passeggero;F;Illeso;0;;Utilizzato;Inesploso
2364389;12;06/05/2015 09:15;Strada Urbana;VIALE DELL'OCEANO ATLANTICO;in prossimità;;del civico n.;25;;Scontro laterale fra veicoli in marcia;Rettilineo;Una carreggiata a doppio senso;Asciutto;Asfaltata;Verticale ed orizzontale;Sereno;Normale;Buona;Ore Diurne;0;0;0;7;12.47927;41.82087;-1;1;Autovettura privata;In marcia / fermata / arresto;Passeggero;M;Illeso;0;;Utilizzato;Inesploso
2364389;12;06/05/2015 09:15;Strada Urbana;VIALE DELL'OCEANO ATLANTICO;in prossimità;;del civico n.;25;;Scontro laterale fra veicoli in marcia;Rettilineo;Una carreggiata a doppio senso;Asciutto;Asfaltata;Verticale ed orizzontale;Sereno;Normale;Buona;Ore Diurne;0;0;0;7;12.47927;41.82087;-1;1;Autovettura privata;In marcia / fermata / arresto;Passeggero;F;Illeso;0;;Utilizzato;Inesploso
2364389;12;06/05/2015 09:15;Strada Urbana;VIALE DELL'OCEANO ATLANTICO;in prossimità;;del civico n.;25;;Scontro laterale fra veicoli in marcia;Rettilineo;Una carreggiata a doppio senso;Asciutto;Asfaltata;Verticale ed orizzontale;Sereno;Normale;Buona;Ore Diurne;0;0;0;7;12.47927;41.82087;-1;2;Motociclo a solo;In marcia / fermata / arresto;Conducente;M;Illeso;0;;Utilizzato;
2364391;19;07/05/2015 13:20;Strada Urbana;VIA VINCENZO TOMASSINI;all'intersezione con;VIA AUGUSTO TEBALDI;VIA AUGUSTO TEBALDI;;;Scontro laterale fra veicoli in marcia;Intersezione stradale segnalata;Una carreggiata a senso unico di marcia;Asciutto;Asfaltata;Assente;Sereno;Normale;Buona;Ore Diurne;0;0;0;2;12.41316;41.92813;-1;1;Autovettura privata;In marcia / fermata / arresto;Conducente;F;Illeso;0;;;
2364391;19;07/05/2015 13:20;Strada Urbana;VIA VINCENZO TOMASSINI;all'intersezione con;VIA AUGUSTO TEBALDI;VIA AUGUSTO TEBALDI;;;Scontro laterale fra veicoli in marcia;Intersezione stradale segnalata;Una carreggiata a senso unico di marcia;Asciutto;Asfaltata;Assente;Sereno;Normale;Buona;Ore Diurne;0;0;0;2;12.41316;41.92813;-1;2;Autovettura privata;In marcia / fermata / arresto;Conducente;M;Illeso;0;;;
2364393;19;07/05/2015 08:16;Strada Urbana;VIA TAGGIA;da specificare;;;;in prossimità di Via COGOLETO;Scontro laterale fra veicoli in marcia;Rettilineo;Una carreggiata a doppio senso;Asciutto;Asfaltata;Verticale ed orizzontale;Nebbia;Normale;Buona;Ore Diurne;0;0;0;4;12.42174;41.93047;-1;1;Autovettura privata;In marcia / fermata / arresto;Conducente;F;Illeso;0;;Non accertato;Inesploso
2364393;19;07/05/2015 08:16;Strada Urbana;VIA TAGGIA;da specificare;;;;in prossimità di Via COGOLETO;Scontro laterale fra veicoli in marcia;Rettilineo;Una carreggiata a doppio senso;Asciutto;Asfaltata;Verticale ed orizzontale;Nebbia;Normale;Buona;Ore Diurne;0;0;0;4;12.42174;41.93047;-1;1;Autovettura privata;In marcia / fermata / arresto;Passeggero;F;Illeso;0;;Non accertato;Inesploso
2364393;19;07/05/2015 08:16;Strada Urbana;VIA TAGGIA;da specificare;;;;in prossimità di Via COGOLETO;Scontro laterale fra veicoli in marcia;Rettilineo;Una carreggiata a doppio senso;Asciutto;Asfaltata;Verticale ed orizzontale;Nebbia;Normale;Buona;Ore Diurne;0;0;0;4;12.42174;41.93047;-1;2;Autovettura privata;In marcia / fermata / arresto;Conducente;F;Illeso;0;;Non accertato;Inesploso
2364393;19;07/05/2015 08:16;Strada Urbana;VIA TAGGIA;da specificare;;;;in prossimità di Via COGOLETO;Scontro laterale fra veicoli in marcia;Rettilineo;Una carreggiata a doppio senso;Asciutto;Asfaltata;Verticale ed orizzontale;Nebbia;Normale;Buona;Ore Diurne;0;0;0;4;12.42174;41.93047;-1;2;Autovettura privata;In marcia / fermata / arresto;Passeggero;F;Illeso;0;;Non accertato;Inesploso
2364398;19;07/05/2015 08:15;Strada Urbana;VIA TAGGIA;all'intersezione con;VIA COGOLETO;VIA COGOLETO;;;Scontro laterale fra veicoli in marcia;Incrocio;Una carreggiata a doppio senso;Asciutto;Asfaltata;Verticale ed orizzontale;Sereno;Normale;Buona;Ore Diurne;0;0;0;4;12.42174;41.93047;-1;1;Autovettura privata;In marcia / fermata / arresto;Conducente;M;Illeso;0;;Non accertato;Inesploso
2364398;19;07/05/2015 08:15;Strada Urbana;VIA TAGGIA;all'intersezione con;VIA COGOLETO;VIA COGOLETO;;;Scontro laterale fra veicoli in marcia;Incrocio;Una carreggiata a doppio senso;Asciutto;Asfaltata;Verticale ed orizzontale;Sereno;Normale;Buona;Ore Diurne;0;0;0;4;12.42174;41.93047;-1;1;Autovettura privata;In marcia / fermata / arresto;Passeggero;F;Illeso;0;;Non accertato;Inesploso
2364398;19;07/05/2015 08:15;Strada Urbana;VIA TAGGIA;all'intersezione con;VIA COGOLETO;VIA COGOLETO;;;Scontro laterale fra veicoli in marcia;Incrocio;Una carreggiata a doppio senso;Asciutto;Asfaltata;Verticale ed orizzontale;Sereno;Normale;Buona;Ore Diurne;0;0;0;4;12.42174;41.93047;-1;2;Autovettura privata;In marcia / fermata / arresto;Conducente;F;Illeso;0;;Non accertato;Inesploso
2364398;19;07/05/2015 08:15;Strada Urbana;VIA TAGGIA;all'intersezione con;VIA COGOLETO;VIA COGOLETO;;;Scontro laterale fra veicoli in marcia;Incrocio;Una carreggiata a doppio senso;Asciutto;Asfaltata;Verticale ed orizzontale;Sereno;Normale;Buona;Ore Diurne;0;0;0;4;12.42174;41.93047;-1;2;Autovettura privata;In marcia / fermata / arresto;Passeggero;F;Illeso;0;;Non accertato;Inesploso
2364400;20;07/05/2015 07:45;Strada Urbana;VIA DEL FORO ITALICO;da specificare;;;;altezza cavalcavia TOR DI QUINTO;Tamponamento;Rettilineo;Due carreggiate;Asciutto;Asfaltata;Verticale ed orizzontale;Sereno;Intenso;Buona;Ore Diurne;0;0;0;2;12.48116;41.94058;-1;1;Autocarro inferiore 35 q.;In marcia / fermata / arresto;Conducente;M;Illeso;0;;Non accertato;Inesploso
2364400;20;07/05/2015 07:45;Strada Urbana;VIA DEL FORO ITALICO;da specificare;;;;altezza cavalcavia TOR DI QUINTO;Tamponamento;Rettilineo;Due carreggiate;Asciutto;Asfaltata;Verticale ed orizzontale;Sereno;Intenso;Buona;Ore Diurne;0;0;0;2;12.48116;41.94058;-1;2;Autovettura privata;In marcia / fermata / arresto;Conducente;M;Illeso;0;;Non accertato;Inesploso
2364401;19;07/05/2015 12:30;Strada Urbana;VIA DELLA PINETA SACCHETTI;da specificare;;;;via Lardaria;Scontro laterale fra veicoli in marcia;Rettilineo;Una carreggiata a senso unico di marcia;Asciutto;Asfaltata;Verticale ed orizzontale;Sereno;Normale;Buona;Ore Diurne;0;0;0;2;12.42428;41.9229;-1;1;Autovettura privata;In marcia / fermata / arresto;Conducente;F;Illeso;0;;Non accertato;Inesploso
2364401;19;07/05/2015 12:30;Strada Urbana;VIA DELLA PINETA SACCHETTI;da specificare;;;;via Lardaria;Scontro laterale fra veicoli in marcia;Rettilineo;Una carreggiata a senso unico di marcia;Asciutto;Asfaltata;Verticale ed orizzontale;Sereno;Normale;Buona;Ore Diurne;0;0;0;2;12.42428;41.9229;-1;2;Autovettura privata;In marcia / fermata / arresto;Conducente;F;Illeso;0;;Non accertato;Inesploso
2364405;19;07/05/2015 11:10;Strada Urbana;VIA VIVI GIOI;da specificare;;;;via della Lucchina;Scontro laterale fra veicoli in marcia;Rettilineo;Una carreggiata a senso unico di marcia;Asciutto;Asfaltata;Verticale ed orizzontale;Sereno;Scarso;Buona;Ore Diurne;0;0;0;3;12.4006;41.96189;-1;1;Autovettura privata;In marcia / fermata / arresto;Conducente;M;Illeso;0;;Non accertato;Inesploso
2364405;19;07/05/2015 11:10;Strada Urbana;VIA VIVI GIOI;da specificare;;;;via della Lucchina;Scontro laterale fra veicoli in marcia;Rettilineo;Una carreggiata a senso unico di marcia;Asciutto;Asfaltata;Verticale ed orizzontale;Sereno;Scarso;Buona;Ore Diurne;0;0;0;3;12.4006;41.96189;-1;1;Autovettura privata;In marcia / fermata / arresto;Passeggero;F;Illeso;0;;;
2364405;19;07/05/2015 11:10;Strada Urbana;VIA VIVI GIOI;da specificare;;;;via della Lucchina;Scontro laterale fra veicoli in marcia;Rettilineo;Una carreggiata a senso unico di marcia;Asciutto;Asfaltata;Verticale ed orizzontale;Sereno;Scarso;Buona;Ore Diurne;0;0;0;3;12.4006;41.96189;-1;2;Autovettura privata;In marcia / fermata / arresto;Conducente;F;Illeso;0;;Non accertato;Inesploso
2364426;12;07/05/2015 19:30;Strada Urbana;VIALE DELL'ESERCITO;in prossimità;;del civico n.;36;;Scontro laterale fra veicoli in marcia;Pendenza;Due carreggiate;Asciutto;Asfaltata;Verticale ed orizzontale;Sereno;Scarso;Buona;Ore Diurne;0;0;0;3;12.48762;41.81281;-1;1;Altro;In marcia / fermata / arresto;Conducente;M;Illeso;0;;Utilizzato;Inesploso
2364426;12;07/05/2015 19:30;Strada Urbana;VIALE DELL'ESERCITO;in prossimità;;del civico n.;36;;Scontro laterale fra veicoli in marcia;Pendenza;Due carreggiate;Asciutto;Asfaltata;Verticale ed orizzontale;Sereno;Scarso;Buona;Ore Diurne;0;0;0;3;12.48762;41.81281;-1;1;Altro;In marcia / fermata / arresto;Passeggero;M;Illeso;0;;Utilizzato;Inesploso
2364426;12;07/05/2015 19:30;Strada Urbana;VIALE DELL'ESERCITO;in prossimità;;del civico n.;36;;Scontro laterale fra veicoli in marcia;Pendenza;Due carreggiate;Asciutto;Asfaltata;Verticale ed orizzontale;Sereno;Scarso;Buona;Ore Diurne;0;0;0;3;12.48762;41.81281;-1;2;Autovettura privata;In marcia / fermata / arresto;Conducente;F;Illeso;0;;Utilizzato;Inesploso
2364427;7;07/05/2015 20:10;Strada Urbana;VIALE DELLE GARDENIE;all'intersezione con;VIA DEGLI ELCI;VIA DEGLI ELCI;;;Scontro frontale/laterale DX fra veicoli in marcia;Incrocio;Una carreggiata a senso unico di marcia;Asciutto;Asfaltata;Verticale ed orizzontale;Sereno;Scarso;Buona;Sufficiente;0;0;0;2;12.56959;41.88577;-1;1;Autovettura privata;In marcia / fermata / arresto;Conducente;F;Illeso;0;;Non accertato;Inesploso
2364427;7;07/05/2015 20:10;Strada Urbana;VIALE DELLE GARDENIE;all'intersezione con;VIA DEGLI ELCI;VIA DEGLI ELCI;;;Scontro frontale/laterale DX fra veicoli in marcia;Incrocio;Una carreggiata a senso unico di marcia;Asciutto;Asfaltata;Verticale ed orizzontale;Sereno;Scarso;Buona;Sufficiente;0;0;0;2;12.56959;41.88577;-1;2;Autovettura privata;In marcia / fermata / arresto;Conducente;F;Illeso;0;;Non accertato;Inesploso
2364433;6;07/05/2015 21:30;Strada Urbana;VIA DI TOR PIGNATTARA;da specificare;;;;in corrispondenza del f.c. 193;Investimento di pedone;Rettilineo;Una carreggiata a doppio senso;Asciutto;Asfaltata;Verticale ed orizzontale;Sereno;Scarso;Sufficiente;Sufficiente;1;0;0;1;12.54125;41.87482;-1;;;;Pedone;M;Rimandato;0;NON DECEDUTO;;
2364433;6;07/05/2015 21:30;Strada Urbana;VIA DI TOR PIGNATTARA;da specificare;;;;in corrispondenza del f.c. 193;Investimento di pedone;Rettilineo;Una carreggiata a doppio senso;Asciutto;Asfaltata;Verticale ed orizzontale;Sereno;Scarso;Sufficiente;Sufficiente;1;0;0;1;12.54125;41.87482;-1;1;Motociclo a solo;In marcia / fermata / arresto;Conducente;M;Illeso;0;;Utilizzato;
2364458;12;07/05/2015 18:00;Strada Urbana;VIALE DELL'OCEANO ATLANTICO;da specificare;;;;50 mt. dopo via Algeria;Scontro laterale fra veicoli in marcia;Curva a visuale libera;Due carreggiate;Asciutto;Asfaltata;Verticale ed orizzontale;Sereno;Intenso;Buona;Ore Diurne;1;0;0;2;12.47144;41.8202;-1;1;Autovettura privata;In marcia / fermata / arresto;Conducente;M;Illeso;0;;Utilizzato;Inesploso
2364458;12;07/05/2015 18:00;Strada Urbana;VIALE DELL'OCEANO ATLANTICO;da specificare;;;;50 mt. dopo via Algeria;Scontro laterale fra veicoli in marcia;Curva a visuale libera;Due carreggiate;Asciutto;Asfaltata;Verticale ed orizzontale;Sereno;Intenso;Buona;Ore Diurne;1;0;0;2;12.47144;41.8202;-1;1;Autovettura privata;In marcia / fermata / arresto;Passeggero;F;Illeso;0;;Utilizzato;Inesploso
2364458;12;07/05/2015 18:00;Strada Urbana;VIALE DELL'OCEANO ATLANTICO;da specificare;;;;50 mt. dopo via Algeria;Scontro laterale fra veicoli in marcia;Curva a visuale libera;Due carreggiate;Asciutto;Asfaltata;Verticale ed orizzontale;Sereno;Intenso;Buona;Ore Diurne;1;0;0;2;12.47144;41.8202;-1;2;Motociclo a solo;In marcia / fermata / arresto;Conducente;F;Rimandato;0;NON DECEDUTO;Utilizzato;
2364469;4;07/05/2015 07:20;Strada Urbana;VIA DEI PRATI FISCALI;da specificare;;;;in corrispondenza del fronte civ. 251;Tamponamento;Rettilineo;Due carreggiate;Asciutto;Asfaltata;Verticale ed orizzontale;Sereno;Normale;Buona;Ore Diurne;1;0;0;0;12.5161;41.94608;-1;1;Autovettura privata;In marcia / fermata / arresto;Conducente;F;Rifiuta cure immediate;0;NON DECEDUTO;Non accertato;
2364479;4;07/05/2015 12:00;Provinciale;VIA NOMENTANA;da specificare;;;;fronte civ. 480;Tamponamento;Rettilineo;Una carreggiata a doppio senso;Asciutto;Asfaltata;Assente;Sereno;Normale;Buona;Ore Diurne;1;0;0;2;12.58026;41.95765;-1;1;Autovettura privata;In marcia / fermata / arresto;Conducente;F;Illeso;0;;Non accertato;
2364479;4;07/05/2015 12:00;Provinciale;VIA NOMENTANA;da specificare;;;;fronte civ. 480;Tamponamento;Rettilineo;Una carreggiata a doppio senso;Asciutto;Asfaltata;Assente;Sereno;Normale;Buona;Ore Diurne;1;0;0;2;12.58026;41.95765;-1;2;Autovettura privata;In marcia / fermata / arresto;Conducente;F;Illeso;0;;Non accertato;
2364479;4;07/05/2015 12:00;Provinciale;VIA NOMENTANA;da specificare;;;;fronte civ. 480;Tamponamento;Rettilineo;Una carreggiata a doppio senso;Asciutto;Asfaltata;Assente;Sereno;Normale;Buona;Ore Diurne;1;0;0;2;12.58026;41.95765;-1;2;Autovettura privata;In marcia / fermata / arresto;Passeggero;F;Rimandato;0;NON DECEDUTO;Non accertato;
2364488;12;07/05/2015 12:15;Strada Urbana;VIALE CESARE PAVESE;all'intersezione con;VIA ELIO VITTORINI;VIA ELIO VITTORINI;;;Investimento di pedone;Incrocio;Una carreggiata a senso unico di marcia;Asciutto;Asfaltata;Verticale ed orizzontale;Sereno;Scarso;Buona;Ore Diurne;1;0;0;2;12.47278;41.81678;-1;;;;Pedone;F;Rimandato;0;NON DECEDUTO;;
2364488;12;07/05/2015 12:15;Strada Urbana;VIALE CESARE PAVESE;all'intersezione con;VIA ELIO VITTORINI;VIA ELIO VITTORINI;;;Investimento di pedone;Incrocio;Una carreggiata a senso unico di marcia;Asciutto;Asfaltata;Verticale ed orizzontale;Sereno;Scarso;Buona;Ore Diurne;1;0;0;2;12.47278;41.81678;-1;1;Autovettura privata;In marcia / fermata / arresto;Conducente;M;Illeso;0;;Utilizzato;Inesploso
2364488;12;07/05/2015 12:15;Strada Urbana;VIALE CESARE PAVESE;all'intersezione con;VIA ELIO VITTORINI;VIA ELIO VITTORINI;;;Investimento di pedone;Incrocio;Una carreggiata a senso unico di marcia;Asciutto;Asfaltata;Verticale ed orizzontale;Sereno;Scarso;Buona;Ore Diurne;1;0;0;2;12.47278;41.81678;-1;1;Autovettura privata;In marcia / fermata / arresto;Passeggero;F;Illeso;0;;Non accertato;Inesploso
2364489;4;06/05/2015 15:58;Strada Urbana;VIA GIULIO ANTAMORO;in prossimità;;del civico n.;71;;Scontro laterale fra veicoli in marcia;Rettilineo;Due carreggiate;Asciutto;Asfaltata;Orizzontale;Sereno;Normale;Buona;Ore Diurne;0;0;0;2;12.54422;41.95995;-1;1;Autovettura privata;In marcia / fermata / arresto;Conducente;F;Illeso;0;;Non accertato;
2364489;4;06/05/2015 15:58;Strada Urbana;VIA GIULIO ANTAMORO;in prossimità;;del civico n.;71;;Scontro laterale fra veicoli in marcia;Rettilineo;Due carreggiate;Asciutto;Asfaltata;Orizzontale;Sereno;Normale;Buona;Ore Diurne;0;0;0;2;12.54422;41.95995;-1;2;Autobus urbano;In marcia / fermata / arresto;Conducente;M;Illeso;0;;Non accertato;Inesploso
2364510;20;07/05/2015 19:50;Strada Urbana;VIA DELLA GIUSTINIANA;in prossimità;;del civico n.;124;;Ribaltamento senza urto contro ostacolo fisso;Rettilineo;Una carreggiata a doppio senso;Asciutto;Asfaltata;Orizzontale;Sereno;Normale;Buona;Ore Diurne;0;0;0;2;12.48215;42.00445;-1;1;Quadriciclo leggero;In marcia / fermata / arresto;Conducente;F;Illeso;0;;Non accertato;
2364510;20;07/05/2015 19:50;Strada Urbana;VIA DELLA GIUSTINIANA;in prossimità;;del civico n.;124;;Ribaltamento senza urto contro ostacolo fisso;Rettilineo;Una carreggiata a doppio senso;Asciutto;Asfaltata;Orizzontale;Sereno;Normale;Buona;Ore Diurne;0;0;0;2;12.48215;42.00445;-1;2;Motociclo a solo;In marcia / fermata / arresto;Conducente;M;Illeso;0;;Non accertato;
2364554;1;07/05/2015 15:45;Strada Urbana;VIA VARESE;all'intersezione con;VIA MARGHERA;VIA MARGHERA;;;Veicolo in marcia contro veicoli in arresto;Incrocio;Una carreggiata a senso unico di marcia;Asciutto;Asfaltata;Verticale ed orizzontale;Sereno;Scarso;Buona;Ore Diurne;1;0;0;1;12.50488;41.90331;-1;1;Autovettura privata;In marcia / fermata / arresto;Conducente;M;Illeso;0;;Non accertato;Inesploso
2364554;1;07/05/2015 15:45;Strada Urbana;VIA VARESE;all'intersezione con;VIA MARGHERA;VIA MARGHERA;;;Veicolo in marcia contro veicoli in arresto;Incrocio;Una carreggiata a senso unico di marcia;Asciutto;Asfaltata;Verticale ed orizzontale;Sereno;Scarso;Buona;Ore Diurne;1;0;0;1;12.50488;41.90331;-1;2;Motociclo a solo;In marcia / fermata / arresto;Conducente;M;Ricoverato;0;NON DECEDUTO;Non accertato;
2364573;6;08/05/2015 10:05;Strada Urbana;VIA PRENESTINA;in prossimità;;del civico n.;73;;Tamponamento;Rettilineo;Più di due carreggiate;Asciutto;Asfaltata;Orizzontale;Sereno;Normale;Buona;Ore Diurne;0;0;0;2;12.52934;41.8917;-1;1;Autovettura privata;In marcia / fermata / arresto;Conducente;M;Illeso;0;;Non accertato;Inesploso
2364573;6;08/05/2015 10:05;Strada Urbana;VIA PRENESTINA;in prossimità;;del civico n.;73;;Tamponamento;Rettilineo;Più di due carreggiate;Asciutto;Asfaltata;Orizzontale;Sereno;Normale;Buona;Ore Diurne;0;0;0;2;12.52934;41.8917;-1;2;Autovettura privata;In marcia / fermata / arresto;Conducente;M;Illeso;0;;Non accertato;Inesploso
2364575;4;07/05/2015 17:45;Strada Urbana;VIA UGO OJETTI;da specificare;;;;ALTEZZA ROTATORIA C. BOCCONE;Scontro laterale fra veicoli in marcia;Rotatoria;Due carreggiate;Asciutto;Asfaltata;Verticale ed orizzontale;Sereno;Intenso;Buona;Ore Diurne;0;0;0;2;12.55461;41.94712;-1;1;Autovettura privata;In marcia / fermata / arresto;Conducente;M;Illeso;0;;Non accertato;Inesploso
2364575;4;07/05/2015 17:45;Strada Urbana;VIA UGO OJETTI;da specificare;;;;ALTEZZA ROTATORIA C. BOCCONE;Scontro laterale fra veicoli in marcia;Rotatoria;Due carreggiate;Asciutto;Asfaltata;Verticale ed orizzontale;Sereno;Intenso;Buona;Ore Diurne;0;0;0;2;12.55461;41.94712;-1;2;Autovettura privata;In marcia / fermata / arresto;Conducente;F;Illeso;0;;Non accertato;
2364579;1;07/05/2015 19:15;Strada Urbana;VIA DELLE TERME DI DIOCLEZIANO;in prossimità;;del civico n.;37;;Veicolo in marcia contro ostacolo accidentale;Rettilineo;Una carreggiata a senso unico di marcia;Asciutto;In cubetti di porfido;Verticale ed orizzontale;Sereno;Normale;Buona;Sufficiente;1;0;0;0;12.49706;41.90204;-1;1;Motociclo a solo;In marcia / fermata / arresto;Conducente;M;Ricoverato;0;NON DECEDUTO;Non accertato;
2364580;20;08/05/2015 09:35;Strada Urbana;LUNGOTEVERE MARESCIALLO CADORNA;da specificare;;;;prossimità Via L. Franchetti;Investimento di pedone;Rettilineo;Una carreggiata a doppio senso;Asciutto;Asfaltata;Verticale ed orizzontale;Sereno;Normale;Buona;Ore Diurne;1;0;0;1;12.45875;41.92994;-1;;;;Pedone;F;Rimandato;0;NON DECEDUTO;;
2364580;20;08/05/2015 09:35;Strada Urbana;LUNGOTEVERE MARESCIALLO CADORNA;da specificare;;;;prossimità Via L. Franchetti;Investimento di pedone;Rettilineo;Una carreggiata a doppio senso;Asciutto;Asfaltata;Verticale ed orizzontale;Sereno;Normale;Buona;Ore Diurne;1;0;0;1;12.45875;41.92994;-1;1;Autovettura privata;In marcia / fermata / arresto;Conducente;M;Illeso;0;;Non accertato;Inesploso
2364582;3;07/05/2015 10:15;Strada Urbana;VIALE REGINA MARGHERITA;all'intersezione semaforizzata con;VIA GIOVANNI BATTISTA MORGAGNI;VIA GIOVANNI BATTISTA MORGAGNI;;;Scontro laterale fra veicoli in marcia;Intersezione semaforizzata;Due carreggiate;Asciutto;Asfaltata;Verticale ed orizzontale;Sereno;Intenso;Buona;Ore Diurne;2;0;0;0;12.50648;41.91299;-1;1;Motociclo a solo;In marcia / fermata / arresto;Conducente;M;Rimandato;0;NON DECEDUTO;Non accertato;
2364582;3;07/05/2015 10:15;Strada Urbana;VIALE REGINA MARGHERITA;all'intersezione semaforizzata con;VIA GIOVANNI BATTISTA MORGAGNI;VIA GIOVANNI BATTISTA MORGAGNI;;;Scontro laterale fra veicoli in marcia;Intersezione semaforizzata;Due carreggiate;Asciutto;Asfaltata;Verticale ed orizzontale;Sereno;Intenso;Buona;Ore Diurne;2;0;0;0;12.50648;41.91299;-1;2;Motociclo a solo;In marcia / fermata / arresto;Conducente;M;Rimandato;0;NON DECEDUTO;Non accertato;
2364596;2;07/05/2015 19:00;Strada Urbana;VIA RENO;in prossimità;;del civico n.;22;;Tamponamento;Rettilineo;Una carreggiata a doppio senso;Asciutto;Asfaltata;Orizzontale;Sereno;Normale;Buona;Ore Diurne;1;0;0;1;12.50675;41.92035;-1;1;Motociclo a solo;In marcia / fermata / arresto;Conducente;M;Rimandato;0;NON DECEDUTO;;
2364596;2;07/05/2015 19:00;Strada Urbana;VIA RENO;in prossimità;;del civico n.;22;;Tamponamento;Rettilineo;Una carreggiata a doppio senso;Asciutto;Asfaltata;Orizzontale;Sereno;Normale;Buona;Ore Diurne;1;0;0;1;12.50675;41.92035;-1;2;Autovettura privata;In marcia / fermata / arresto;Conducente;M;Illeso;0;;Non accertato;Inesploso
2364607;1;07/05/2015 19:30;Strada Urbana;VIA DELLA NAVICELLA;all'intersezione con;VIA DI S. STEFANO ROTONDO;VIA DI S. STEFANO ROTONDO;;;Scontro laterale fra veicoli in marcia;Incrocio;Una carreggiata a senso unico di marcia;Asciutto;Asfaltata;Verticale ed orizzontale;Sereno;Normale;Buona;Ore Diurne;1;0;0;2;12.49636;41.88366;-1;1;Motociclo a solo;In marcia / fermata / arresto;Conducente;M;Ricoverato;0;NON DECEDUTO;Non accertato;
2364607;1;07/05/2015 19:30;Strada Urbana;VIA DELLA NAVICELLA;all'intersezione con;VIA DI S. STEFANO ROTONDO;VIA DI S. STEFANO ROTONDO;;;Scontro laterale fra veicoli in marcia;Incrocio;Una carreggiata a senso unico di marcia;Asciutto;Asfaltata;Verticale ed orizzontale;Sereno;Normale;Buona;Ore Diurne;1;0;0;2;12.49636;41.88366;-1;2;Autovettura privata;In marcia / fermata / arresto;Conducente;M;Illeso;0;;Non accertato;
2364607;1;07/05/2015 19:30;Strada Urbana;VIA DELLA NAVICELLA;all'intersezione con;VIA DI S. STEFANO ROTONDO;VIA DI S. STEFANO ROTONDO;;;Scontro laterale fra veicoli in marcia;Incrocio;Una carreggiata a senso unico di marcia;Asciutto;Asfaltata;Verticale ed orizzontale;Sereno;Normale;Buona;Ore Diurne;1;0;0;2;12.49636;41.88366;-1;2;Autovettura privata;In marcia / fermata / arresto;Passeggero;F;Illeso;0;;Non accertato;