Protocollo;Gruppo;DataOraIncidente;Localizzazione1;STRADA1;Localizzazione2;STRADA2;Strada02;Chilometrica;DaSpecificare;NaturaIncidente;particolaritastrade;TipoStrada;FondoStradale;Pavimentazione;Segnaletica;CondizioneAtmosferica;Traffico;Visibilita;Illuminazione;NUM_FERITI;NUM_RISERVATA;NUM_MORTI;NUM_ILLESI;Longitudine;Latitudine;Confermato;Progressivo;TipoVeicolo;StatoVeicolo;TipoPersona;Sesso;Tipolesione;Deceduto;DecedutoDopo;CinturaCascoUtilizzato;Airbag
2367932;1;09/05/2015 06:30;Strada Urbana;PIAZZA DI PIETRA;da specificare;;;;FRONTE CIVICO 63;Tamponamento;Rettilineo;Una carreggiata a senso unico di marcia;Asciutto;In cubetti di porfido;Verticale ed orizzontale;Sereno;Scarso;Buona;Ore Diurne;0;0;0;2;12.47944;41.89996;-1;1;Autocarro inferiore 35 q.;In marcia / fermata / arresto;Conducente;M;Illeso;0;;Non accertato;Inesploso
2367932;1;09/05/2015 06:30;Strada Urbana;PIAZZA DI PIETRA;da specificare;;;;FRONTE CIVICO 63;Tamponamento;Rettilineo;Una carreggiata a senso unico di marcia;Asciutto;In cubetti di porfido;Verticale ed orizzontale;Sereno;Scarso;Buona;Ore Diurne;0;0;0;2;12.47944;41.89996;-1;2;Macchina operatrice;In marcia / fermata / arresto;Conducente;M;Illeso;0;;Non accertato;Inesploso
2367940;7;11/05/2015 14:15;Strada Urbana;VIA PRENESTINA;da specificare;;;;altezza civico 510;Tamponamento;Rettilineo;Una carreggiata a doppio senso;Asciutto;Asfaltata;Verticale ed orizzontale;Sereno;Scarso;Buona;Ore Diurne;0;0;0;2;12.57315;41.89482;-1;1;Autovettura privata;In marcia / fermata / arresto;Conducente;F;Illeso;0;;Non accertato;Inesploso
2367940;7;11/05/2015 14:15;Strada Urbana;VIA PRENESTINA;da specificare;;;;altezza civico 510;Tamponamento;Rettilineo;Una carreggiata a doppio senso;Asciutto;Asfaltata;Verticale ed orizzontale;Sereno;Scarso;Buona;Ore Diurne;0;0;0;2;12.57315;41.89482;-1;2;Autovettura privata;In marcia / fermata / arresto;Conducente;M;Illeso;0;;Non accertato;Inesploso
2367943;1;09/05/2015 21:30;Strada Urbana;VIA GARIBALDI;in prossimità;;del civico n.;36;;Veicolo in marcia contro ostacolo accidentale;Curva a visuale libera;Una carreggiata a doppio senso;Asciutto;In cubetti di porfido;Assente;Sereno;Scarso;Sufficiente;Sufficiente;2;0;0;0;12.46607;41.8903;-1;1;Motociclo con passeggero;In marcia / fermata / arresto;Conducente;M;Ricoverato;0;NON DECEDUTO;Non accertato;
2367943;1;09/05/2015 21:30;Strada Urbana;VIA GARIBALDI;in prossimità;;del civico n.;36;;Veicolo in marcia contro ostacolo accidentale;Curva a visuale libera;Una carreggiata a doppio senso;Asciutto;In cubetti di porfido;Assente;Sereno;Scarso;Sufficiente;Sufficiente;2;0;0;0;12.46607;41.8903;-1;1;Motociclo con passeggero;In marcia / fermata / arresto;Passeggero;F;Rimandato;0;NON DECEDUTO;Non accertato;
2367951;15;11/05/2015 16:15;Strada Urbana;VIA DEL TRULLO;all'intersezione con;VIA DEL TEMPIO DEGLI ARVALI;VIA DEL TEMPIO DEGLI ARVALI;;;Scontro laterale fra veicoli in marcia;Incrocio;Una carreggiata a doppio senso;Asciutto;Asfaltata;Verticale;Sereno;Normale;Buona;Ore Diurne;1;0;0;0;12.43659;41.83487;-1;1;Motociclo a solo;In marcia / fermata / arresto;Conducente;M;Rimandato;0;NON DECEDUTO;Utilizzato;
2367952;2;11/05/2015 17:40;Strada Urbana;LUNGOTEVERE DELLE NAVI;da specificare;;;;altezza MINISTERO DELLA MARINA;Scontro laterale fra veicoli in marcia;Rettilineo;Una carreggiata a senso unico di marcia;Asciutto;Asfaltata;Verticale ed orizzontale;Sereno;Normale;Buona;Ore Diurne;0;0;0;2;12.4716;41.91654;-1;1;Autovettura privata;In marcia / fermata / arresto;Conducente;M;Illeso;0;;Non accertato;Inesploso
2367952;2;11/05/2015 17:40;Strada Urbana;LUNGOTEVERE DELLE NAVI;da specificare;;;;altezza MINISTERO DELLA MARINA;Scontro laterale fra veicoli in marcia;Rettilineo;Una carreggiata a senso unico di marcia;Asciutto;Asfaltata;Verticale ed orizzontale;Sereno;Normale;Buona;Ore Diurne;0;0;0;2;12.4716;41.91654;-1;2;Autovettura privata;In marcia / fermata / arresto;Conducente;M;Illeso;0;;Non accertato;Inesploso
2367954;1;08/05/2015 18:20;Strada Urbana;VIALE GIOTTO;in prossimità;;del civico n.;2;;Investimento di pedone;Rettilineo;Una carreggiata a doppio senso;Asciutto;Asfaltata;Orizzontale;Sereno;Normale;Buona;Ore Diurne;1;0;0;1;12.48622;41.87666;-1;;;;Pedone;M;Rimandato;0;NON DECEDUTO;;
2367954;1;08/05/2015 18:20;Strada Urbana;VIALE GIOTTO;in prossimità;;del civico n.;2;;Investimento di pedone;Rettilineo;Una carreggiata a doppio senso;Asciutto;Asfaltata;Orizzontale;Sereno;Normale;Buona;Ore Diurne;1;0;0;1;12.48622;41.87666;-1;1;Motociclo a solo;In marcia / fermata / arresto;Conducente;M;Illeso;0;;Non accertato;
2367967;1;08/05/2015 21:00;Strada Urbana;LARGO S. CARLO AL CORSO;in prossimità;;del civico n.;435;;Veicolo in marcia contro veicolo in sosta;Rettilineo;Una carreggiata a senso unico di marcia;Asciutto;Asfaltata;Verticale ed orizzontale;Sereno;Scarso;Buona;Sufficiente;0;0;0;1;12.47852;41.90555;-1;1;Autocarro inferiore 35 q.;In marcia / fermata / arresto;Conducente;M;Illeso;0;;Non accertato;Inesploso
2368179;6;11/05/2015 21:15;Strada Urbana;VIA TUSCOLANA;in corrispondenza;;del civico n.;365 / 367;;Scontro frontale/laterale SX fra veicoli in marcia;Rettilineo;Due carreggiate;Asciutto;Asfaltata;Orizzontale;Sereno;Scarso;Buona;Sufficiente;0;0;0;4;12.55601;41.86044;-1;1;Autovettura privata;In marcia / fermata / arresto;Conducente;M;Illeso;0;;Non accertato;Inesploso
2368179;6;11/05/2015 21:15;Strada Urbana;VIA TUSCOLANA;in corrispondenza;;del civico n.;365 / 367;;Scontro frontale/laterale SX fra veicoli in marcia;Rettilineo;Due carreggiate;Asciutto;Asfaltata;Orizzontale;Sereno;Scarso;Buona;Sufficiente;0;0;0;4;12.55601;41.86044;-1;1;Autovettura privata;In marcia / fermata / arresto;Passeggero;F;Illeso;0;;Non accertato;Inesploso
2368179;6;11/05/2015 21:15;Strada Urbana;VIA TUSCOLANA;in corrispondenza;;del civico n.;365 / 367;;Scontro frontale/laterale SX fra veicoli in marcia;Rettilineo;Due carreggiate;Asciutto;Asfaltata;Orizzontale;Sereno;Scarso;Buona;Sufficiente;0;0;0;4;12.55601;41.86044;-1;2;Autovettura privata;In marcia / fermata / arresto;Conducente;F;Illeso;0;;Non accertato;Inesploso
2368179;6;11/05/2015 21:15;Strada Urbana;VIA TUSCOLANA;in corrispondenza;;del civico n.;365 / 367;;Scontro frontale/laterale SX fra veicoli in marcia;Rettilineo;Due carreggiate;Asciutto;Asfaltata;Orizzontale;Sereno;Scarso;Buona;Sufficiente;0;0;0;4;12.55601;41.86044;-1;2;Autovettura privata;In marcia / fermata / arresto;Passeggero;F;Illeso;0;;Non accertato;Inesploso
2368193;15;11/05/2015 16:45;Strada Urbana;PIAZZA ANTONIO MEUCCI;all'intersezione con;VIA GEROLAMO CARDANO;VIA GEROLAMO CARDANO;;;Scontro laterale fra veicoli in marcia;Intersezione semaforizzata;Una carreggiata a senso unico di marcia;Asciutto;Asfaltata;Orizzontale;Sereno;Normale;Buona;Ore Diurne;1;0;0;1;12.46385;41.86155;-1;1;Motociclo a solo;In marcia / fermata / arresto;Conducente;M;Rimandato;0;NON DECEDUTO;Utilizzato;
2368193;15;11/05/2015 16:45;Strada Urbana;PIAZZA ANTONIO MEUCCI;all'intersezione con;VIA GEROLAMO CARDANO;VIA GEROLAMO CARDANO;;;Scontro laterale fra veicoli in marcia;Intersezione semaforizzata;Una carreggiata a senso unico di marcia;Asciutto;Asfaltata;Orizzontale;Sereno;Normale;Buona;Ore Diurne;1;0;0;1;12.46385;41.86155;-1;2;Autovettura privata;In marcia / fermata / arresto;Conducente;F;Illeso;0;;Utilizzato;
2368204;15;11/05/2015 17:00;Strada Urbana;VIALE ISACCO NEWTON;da specificare;;;;30 mt. dopo inters. V.lo Papa Leone dir. Colli Por;Scontro laterale fra veicoli in marcia;Rettilineo;Due carreggiate;Asciutto;Asfaltata;Orizzontale;Sereno;Normale;Buona;Ore Diurne;1;0;0;2;12.44279;41.84792;-1;1;Autovettura privata;In marcia / fermata / arresto;Conducente;M;Illeso;0;;Utilizzato;
2368204;15;11/05/2015 17:00;Strada Urbana;VIALE ISACCO NEWTON;da specificare;;;;30 mt. dopo inters. V.lo Papa Leone dir. Colli Por;Scontro laterale fra veicoli in marcia;Rettilineo;Due carreggiate;Asciutto;Asfaltata;Orizzontale;Sereno;Normale;Buona;Ore Diurne;1;0;0;2;12.44279;41.84792;-1;1;Autovettura privata;In marcia / fermata / arresto;Passeggero;M;Illeso;0;;Utilizzato;
2368204;15;11/05/2015 17:00;Strada Urbana;VIALE ISACCO NEWTON;da specificare;;;;30 mt. dopo inters. V.lo Papa Leone dir. Colli Por;Scontro laterale fra veicoli in marcia;Rettilineo;Due carreggiate;Asciutto;Asfaltata;Orizzontale;Sereno;Normale;Buona;Ore Diurne;1;0;0;2;12.44279;41.84792;-1;2;Motociclo con passeggero;In marcia / fermata / arresto;Conducente;M;Rimandato;0;NON DECEDUTO;Utilizzato;
2368212;15;11/05/2015 20:05;Strada Urbana;VIA ANTONIO PACINOTTI;da specificare;;;;fronte civico 18;Investimento di pedone;Rettilineo;Una carreggiata a doppio senso;Asciutto;Asfaltata;Orizzontale;Sereno;Scarso;Buona;Sufficiente;2;0;0;1;12.4678;41.87103;-1;;;;Pedone;M;Rimandato;0;NON DECEDUTO;;
2368212;15;11/05/2015 20:05;Strada Urbana;VIA ANTONIO PACINOTTI;da specificare;;;;fronte civico 18;Investimento di pedone;Rettilineo;Una carreggiata a doppio senso;Asciutto;Asfaltata;Orizzontale;Sereno;Scarso;Buona;Sufficiente;2;0;0;1;12.4678;41.87103;-1;;;;Pedone;F;Rimandato;0;NON DECEDUTO;;
2368212;15;11/05/2015 20:05;Strada Urbana;VIA ANTONIO PACINOTTI;da specificare;;;;fronte civico 18;Investimento di pedone;Rettilineo;Una carreggiata a doppio senso;Asciutto;Asfaltata;Orizzontale;Sereno;Scarso;Buona;Sufficiente;2;0;0;1;12.4678;41.87103;-1;1;Autovettura privata;In marcia / fermata / arresto;Conducente;F;Illeso;0;;Utilizzato;
2368243;18;01/05/2015 23:40;Strada Urbana;VIA GREGORIO VII;all'intersezione semaforizzata con;VIA S. DAMASO;VIA S. DAMASO;;;Veicolo in marcia contro veicolo in sosta;Intersezione stradale segnalata;Più di due carreggiate;Asciutto;Asfaltata;Verticale ed orizzontale;Nuvoloso;Scarso;Sufficiente;Sufficiente;0;0;0;1;12.44505;41.89562;-1;1;Autovettura privata;In marcia / fermata / arresto;Conducente;M;Illeso;0;;;
2368255;10;11/05/2015 13:10;Strada Urbana;VIA AL QUARTO MIGLIO;all'intersezione con;VIA S. CARLO DA SEZZE;VIA S. CARLO DA SEZZE;;;Scontro frontale/laterale DX fra veicoli in marcia;Incrocio;Una carreggiata a senso unico di marcia;Asciutto;Asfaltata;Orizzontale;Sereno;Intenso;Buona;Ore Diurne;1;0;0;2;12.54571;41.84498;-1;1;Autovettura privata;In marcia / fermata / arresto;Conducente;M;Illeso;0;;Non accertato;Inesploso
2368255;10;11/05/2015 13:10;Strada Urbana;VIA AL QUARTO MIGLIO;all'intersezione con;VIA S. CARLO DA SEZZE;VIA S. CARLO DA SEZZE;;;Scontro frontale/laterale DX fra veicoli in marcia;Incrocio;Una carreggiata a senso unico di marcia;Asciutto;Asfaltata;Orizzontale;Sereno;Intenso;Buona;Ore Diurne;1;0;0;2;12.54571;41.84498;-1;1;Autovettura privata;In marcia / fermata / arresto;Passeggero;F;Rimandato;0;NON DECEDUTO;Non accertato;Esploso
2368255;10;11/05/2015 13:10;Strada Urbana;VIA AL QUARTO MIGLIO;all'intersezione con;VIA S. CARLO DA SEZZE;VIA S. CARLO DA SEZZE;;;Scontro frontale/laterale DX fra veicoli in marcia;Incrocio;Una carreggiata a senso unico di marcia;Asciutto;Asfaltata;Orizzontale;Sereno;Intenso;Buona;Ore Diurne;1;0;0;2;12.54571;41.84498;-1;2;Autovettura privata;In marcia / fermata / arresto;Conducente;F;Illeso;0;;Non accertato;Inesploso
2368270;1;11/05/2015 10:00;Strada Urbana;VIA ARENULA;all'intersezione semaforizzata con;VIA FLORIDA;VIA FLORIDA;;;Scontro laterale fra veicoli in marcia;Intersezione semaforizzata;Una carreggiata a senso unico di marcia;Asciutto;Asfaltata;Verticale ed orizzontale;Sereno;Normale;Buona;Ore Diurne;0;0;0;2;12.47543;41.89331;-1;1;Autobus di linea;In marcia / fermata / arresto;Conducente;F;Illeso;0;;Non accertato;
2368270;1;11/05/2015 10:00;Strada Urbana;VIA ARENULA;all'intersezione semaforizzata con;VIA FLORIDA;VIA FLORIDA;;;Scontro laterale fra veicoli in marcia;Intersezione semaforizzata;Una carreggiata a senso unico di marcia;Asciutto;Asfaltata;Verticale ed orizzontale;Sereno;Normale;Buona;Ore Diurne;0;0;0;2;12.47543;41.89331;-1;2;Autovettura privata;In marcia / fermata / arresto;Conducente;F;Illeso;0;;Non accertato;
2368273;18;01/05/2015 20:15;Strada Urbana;VIA DI BOCCEA;in corrispondenza;;del civico n.;660;;Veicolo in marcia contro ostacolo accidentale;Rettilineo;Una carreggiata a doppio senso;Asciutto;Con buche;Verticale ed orizzontale;Sereno;Normale;Buona;Sufficiente;0;0;0;1;12.37493;41.92194;-1;1;Autovettura privata;In marcia / fermata / arresto;Conducente;F;Illeso;0;;Non accertato;Inesploso
2368274;10;11/05/2015 13:15;Strada Urbana;VIA IGNAZIO SCIMONELLI;all'intersezione con;VIA PIETRO ROSANO;VIA PIETRO ROSANO;;;Scontro frontale/laterale SX fra veicoli in marcia;Incrocio;Una carreggiata a doppio senso;Asciutto;Asfaltata;Verticale ed orizzontale;Sereno;Normale;Buona;Ore Diurne;1;0;0;3;12.59532;41.84439;-1;1;Autovettura privata;In marcia / fermata / arresto;Conducente;M;Illeso;0;;Non accertato;Inesploso
2368274;10;11/05/2015 13:15;Strada Urbana;VIA IGNAZIO SCIMONELLI;all'intersezione con;VIA PIETRO ROSANO;VIA PIETRO ROSANO;;;Scontro frontale/laterale SX fra veicoli in marcia;Incrocio;Una carreggiata a doppio senso;Asciutto;Asfaltata;Verticale ed orizzontale;Sereno;Normale;Buona;Ore Diurne;1;0;0;3;12.59532;41.84439;-1;1;Autovettura privata;In marcia / fermata / arresto;Passeggero;F;Rimandato;0;NON DECEDUTO;Non accertato;Inesploso
2368274;10;11/05/2015 13:15;Strada Urbana;VIA IGNAZIO SCIMONELLI;all'intersezione con;VIA PIETRO ROSANO;VIA PIETRO ROSANO;;;Scontro frontale/laterale SX fra veicoli in marcia;Incrocio;Una carreggiata a doppio senso;Asciutto;Asfaltata;Verticale ed orizzontale;Sereno;Normale;Buona;Ore Diurne;1;0;0;3;12.59532;41.84439;-1;2;Autovettura privata;In marcia / fermata / arresto;Conducente;M;Illeso;0;;Non accertato;Inesploso
2368274;10;11/05/2015 13:15;Strada Urbana;VIA IGNAZIO SCIMONELLI;all'intersezione con;VIA PIETRO ROSANO;VIA PIETRO ROSANO;;;Scontro frontale/laterale SX fra veicoli in marcia;Incrocio;Una carreggiata a doppio senso;Asciutto;Asfaltata;Verticale ed orizzontale;Sereno;Normale;Buona;Ore Diurne;1;0;0;3;12.59532;41.84439;-1;2;Autovettura privata;In marcia / fermata / arresto;Passeggero;F;Illeso;0;;Non accertato;Inesploso
2368277;13;11/05/2015 12:10;Strada Urbana;VIA DI ACILIA;all'intersezione con;VIA GIANFILIPPO USELLINI;VIA GIANFILIPPO USELLINI;;;Scontro frontale/laterale SX fra veicoli in marcia;Incrocio;Una carreggiata a doppio senso;Asciutto;Asfaltata;Verticale ed orizzontale;Sereno;Normale;Buona;Ore Diurne;0;0;0;2;12.37135;41.77376;-1;1;Autocarro inferiore 35 q.;In marcia / fermata / arresto;Conducente;M;Illeso;0;;;Esploso
2368277;13;11/05/2015 12:10;Strada Urbana;VIA DI ACILIA;all'intersezione con;VIA GIANFILIPPO USELLINI;VIA GIANFILIPPO USELLINI;;;Scontro frontale/laterale SX fra veicoli in marcia;Incrocio;Una carreggiata a doppio senso;Asciutto;Asfaltata;Verticale ed orizzontale;Sereno;Normale;Buona;Ore Diurne;0;0;0;2;12.37135;41.77376;-1;2;Autovettura privata;In marcia / fermata / arresto;Conducente;M;Illeso;0;;Non accertato;Inesploso
2368280;12;11/05/2015 16:20;Strada Urbana;VIALE IGNAZIO SILONE;da specificare;;;;prox. civ. 214 (a ca 20 mt) direzione VIA C.LEVI;Scontro laterale fra veicoli in marcia;Curva senza visuale libera;Più di due carreggiate;Asciutto;Asfaltata;Verticale ed orizzontale;Sereno;Normale;Buona;Ore Diurne;0;0;0;3;12.46657;41.81293;-1;1;Autovettura privata;In marcia / fermata / arresto;Conducente;M;Illeso;0;;Utilizzato;Inesploso
2368280;12;11/05/2015 16:20;Strada Urbana;VIALE IGNAZIO SILONE;da specificare;;;;prox. civ. 214 (a ca 20 mt) direzione VIA C.LEVI;Scontro laterale fra veicoli in marcia;Curva senza visuale libera;Più di due carreggiate;Asciutto;Asfaltata;Verticale ed orizzontale;Sereno;Normale;Buona;Ore Diurne;0;0;0;3;12.46657;41.81293;-1;2;Autovettura privata;In marcia / fermata / arresto;Conducente;M;Illeso;0;;Utilizzato;Inesploso
2368280;12;11/05/2015 16:20;Strada Urbana;VIALE IGNAZIO SILONE;da specificare;;;;prox. civ. 214 (a ca 20 mt) direzione VIA C.LEVI;Scontro laterale fra veicoli in marcia;Curva senza visuale libera;Più di due carreggiate;Asciutto;Asfaltata;Verticale ed orizzontale;Sereno;Normale;Buona;Ore Diurne;0;0;0;3;12.46657;41.81293;-1;2;Autovettura privata;In marcia / fermata / arresto;Passeggero;F;Illeso;0;;Utilizzato;Inesploso
2368284;10;11/05/2015 16:45;Strada Urbana;VIA APPIA PIGNATELLI;in prossimità;;del civico n.;415;;Scontro laterale fra veicoli in marcia;Rettilineo;Una carreggiata a doppio senso;Asciutto;Asfaltata;Verticale ed orizzontale;Sereno;Intenso;Buona;Ore Diurne;0;0;0;2;12.54975;41.83707;-1;1;Autovettura privata;In marcia / fermata / arresto;Conducente;M;Illeso;0;;Non accertato;Inesploso
2368284;10;11/05/2015 16:45;Strada Urbana;VIA APPIA PIGNATELLI;in prossimità;;del civico n.;415;;Scontro laterale fra veicoli in marcia;Rettilineo;Una carreggiata a doppio senso;Asciutto;Asfaltata;Verticale ed orizzontale;Sereno;Intenso;Buona;Ore Diurne;0;0;0;2;12.54975;41.83707;-1;2;Autovettura privata;In marcia / fermata / arresto;Conducente;M;Illeso;0;;Non accertato;Inesploso
2368288;10;11/05/2015 20:40;Provinciale entro l'abitato;VIA PRENESTINA;da specificare;;;;in prossimità di VIA MACOMER;Investimento di pedone;Rettilineo;Una carreggiata a doppio senso;Asciutto;Asfaltata;Verticale ed orizzontale;Sereno;Normale;Sufficiente;Sufficiente;0;1;0;1;12.67614;41.89071;-1;;;;Pedone;F;Prognosi riservata;0;NON DECEDUTO;;
2368288;10;11/05/2015 20:40;Provinciale entro l'abitato;VIA PRENESTINA;da specificare;;;;in prossimità di VIA MACOMER;Investimento di pedone;Rettilineo;Una carreggiata a doppio senso;Asciutto;Asfaltata;Verticale ed orizzontale;Sereno;Normale;Sufficiente;Sufficiente;0;1;0;1;12.67614;41.89071;-1;1;Autovettura privata;In marcia / fermata / arresto;Conducente;M;Illeso;0;;Non accertato;Inesploso
2368290;10;11/05/2015 18:00;Strada Urbana;VIALE PALMIRO TOGLIATTI;in prossimità;;del palo luce n.;76;;Veicolo in marcia contro ostacolo fisso;Rettilineo;Una carreggiata a senso unico di marcia;Asciutto;Asfaltata;Verticale ed orizzontale;Sereno;Normale;Buona;Ore Diurne;0;0;0;1;12.56888;41.86241;-1;1;Ciclomotore;In marcia / fermata / arresto;Conducente;M;Illeso;0;;Non accertato;
2368295;13;11/05/2015 16:45;Strada Urbana;VIA DEI PESCATORI;da specificare;;;;in corrispondenza di via Massaruti;Veicolo in marcia contro ostacolo accidentale;Rettilineo;Due carreggiate;Asciutto;Asfaltata;Assente;Sereno;Scarso;Sufficiente;Ore Diurne;0;0;0;1;12.35562;41.7599;-1;1;Autovettura privata;In marcia / fermata / arresto;Conducente;M;Illeso;0;;;
2368307;7;11/05/2015 17:20;Strada Urbana;VIA PRENESTINA;da specificare;;;;all'altezza del km 7,900;Tamponamento;Rettilineo;Una carreggiata a doppio senso;Asciutto;Asfaltata;Orizzontale;Sereno;Normale;Buona;Ore Diurne;2;0;0;1;12.59993;41.8935;-1;1;Autovettura privata;In marcia / fermata / arresto;Conducente;M;Illeso;0;;Non accertato;Inesploso
2368307;7;11/05/2015 17:20;Strada Urbana;VIA PRENESTINA;da specificare;;;;all'altezza del km 7,900;Tamponamento;Rettilineo;Una carreggiata a doppio senso;Asciutto;Asfaltata;Orizzontale;Sereno;Normale;Buona;Ore Diurne;2;0;0;1;12.59993;41.8935;-1;2;Autovettura di polizia;In marcia / fermata / arresto;Conducente;M;Rimandato;0;NON DECEDUTO;Non accertato;Inesploso
2368307;7;11/05/2015 17:20;Strada Urbana;VIA PRENESTINA;da specificare;;;;all'altezza del km 7,900;Tamponamento;Rettilineo;Una carreggiata a doppio senso;Asciutto;Asfaltata;Orizzontale;Sereno;Normale;Buona;Ore Diurne;2;0;0;1;12.59993;41.8935;-1;2;Autovettura di polizia;In marcia / fermata / arresto;Passeggero;M;Rimandato;0;NON DECEDUTO;Non accertato;Inesploso
2368310;13;11/05/2015 17:00;Strada Urbana;VIA GIOVANNI BOLDINI;in prossimità;;del civico n.;101;;Scontro frontale/laterale DX fra veicoli in marcia;Rettilineo;Una carreggiata a doppio senso;Asciutto;Asfaltata;Verticale ed orizzontale;Sereno;Normale;Buona;Ore Diurne;1;0;0;1;12.36084;41.78136;-1;1;Motociclo con passeggero;In marcia / fermata / arresto;Conducente;M;Rimandato;0;NON DECEDUTO;Non accertato;
2368310;13;11/05/2015 17:00;Strada Urbana;VIA GIOVANNI BOLDINI;in prossimità;;del civico n.;101;;Scontro frontale/laterale DX fra veicoli in marcia;Rettilineo;Una carreggiata a doppio senso;Asciutto;Asfaltata;Verticale ed orizzontale;Sereno;Normale;Buona;Ore Diurne;1;0;0;1;12.36084;41.78136;-1;2;Autovettura privata;In marcia / fermata / arresto;Conducente;M;Illeso;0;;Non accertato;Inesploso
2368312;1;11/05/2015 10:30;Strada Urbana;VIALE DELLE TERME DI CARACALLA;in prossimità;;del palo luce n.;88;;Tamponamento Multiplo;Rettilineo;Più di due carreggiate;Asciutto;Asfaltata;Verticale ed orizzontale;Sereno;Intenso;Buona;Ore Diurne;1;0;0;5;12.49405;41.88124;-1;1;Autovettura privata;In marcia / fermata / arresto;Conducente;F;Illeso;0;;Non accertato;Inesploso
2368312;1;11/05/2015 10:30;Strada Urbana;VIALE DELLE TERME DI CARACALLA;in prossimità;;del palo luce n.;88;;Tamponamento Multiplo;Rettilineo;Più di due carreggiate;Asciutto;Asfaltata;Verticale ed orizzontale;Sereno;Intenso;Buona;Ore Diurne;1;0;0;5;12.49405;41.88124;-1;1;Autovettura privata;In marcia / fermata / arresto;Passeggero;M;Illeso;0;;Non accertato;Inesploso
2368312;1;11/05/2015 10:30;Strada Urbana;VIALE DELLE TERME DI CARACALLA;in prossimità;;del palo luce n.;88;;Tamponamento Multiplo;Rettilineo;Più di due carreggiate;Asciutto;Asfaltata;Verticale ed orizzontale;Sereno;Intenso;Buona;Ore Diurne;1;0;0;5;12.49405;41.88124;-1;2;Autovettura privata;In marcia / fermata / arresto;Conducente;M;Illeso;0;;Non accertato;Inesploso
2368312;1;11/05/2015 10:30;Strada Urbana;VIALE DELLE TERME DI CARACALLA;in prossimità;;del palo luce n.;88;;Tamponamento Multiplo;Rettilineo;Più di due carreggiate;Asciutto;Asfaltata;Verticale ed orizzontale;Sereno;Intenso;Buona;Ore Diurne;1;0;0;5;12.49405;41.88124;-1;2;Autovettura privata;In marcia / fermata / arresto;Passeggero;F;Illeso;0;;Non accertato;Inesploso
2368312;1;11/05/2015 10:30;Strada Urbana;VIALE DELLE TERME DI CARACALLA;in prossimità;;del palo luce n.;88;;Tamponamento Multiplo;Rettilineo;Più di due carreggiate;Asciutto;Asfaltata;Verticale ed orizzontale;Sereno;Intenso;Buona;Ore Diurne;1;0;0;5;12.49405;41.88124;-1;3;Autovettura privata;In marcia / fermata / arresto;Conducente;M;Illeso;0;;Non accertato;Inesploso
2368312;1;11/05/2015 10:30;Strada Urbana;VIALE DELLE TERME DI CARACALLA;in prossimità;;del palo luce n.;88;;Tamponamento Multiplo;Rettilineo;Più di due carreggiate;Asciutto;Asfaltata;Verticale ed orizzontale;Sereno;Intenso;Buona;Ore Diurne;1;0;0;5;12.49405;41.88124;-1;3;Autovettura privata;In marcia / fermata / arresto;Passeggero;F;Rimandato;0;NON DECEDUTO;Non accertato;Inesploso
2368316;8;11/05/2015 12:25;Strada Urbana;VIALE DEI ROMANISTI;all'intersezione con;VIA GIOVANNI CAMILLO PERESIO;VIA GIOVANNI CAMILLO PERESIO;;;Investimento di pedone;Intersezione stradale segnalata;Una carreggiata a senso unico di marcia;Asciutto;Asfaltata;Verticale ed orizzontale;Sereno;Normale;Buona;Ore Diurne;1;0;0;1;12.57733;41.86753;-1;;;;Pedone;M;Ricoverato;0;NON DECEDUTO;;
2368316;8;11/05/2015 12:25;Strada Urbana;VIALE DEI ROMANISTI;all'intersezione con;VIA GIOVANNI CAMILLO PERESIO;VIA GIOVANNI CAMILLO PERESIO;;;Investimento di pedone;Intersezione stradale segnalata;Una carreggiata a senso unico di marcia;Asciutto;Asfaltata;Verticale ed orizzontale;Sereno;Normale;Buona;Ore Diurne;1;0;0;1;12.57733;41.86753;-1;1;Autovettura privata;In marcia / fermata / arresto;Conducente;M;Illeso;0;;Non accertato;Inesploso
2368318;5;11/05/2015 05:45;Strada Urbana;VIALE PALMIRO TOGLIATTI;in prossimità;;del civico n.;1470;;Tamponamento Multiplo;Rettilineo;Due carreggiate;Asciutto;Asfaltata;Verticale ed orizzontale;Sereno;Scarso;Buona;Ore Diurne;2;0;0;1;12.57204;41.91141;-1;1;Autocarro inferiore 35 q.;In marcia / fermata / arresto;Conducente;M;Illeso;0;;Non accertato;
2368318;5;11/05/2015 05:45;Strada Urbana;VIALE PALMIRO TOGLIATTI;in prossimità;;del civico n.;1470;;Tamponamento Multiplo;Rettilineo;Due carreggiate;Asciutto;Asfaltata;Verticale ed orizzontale;Sereno;Scarso;Buona;Ore Diurne;2;0;0;1;12.57204;41.91141;-1;2;Autovettura privata;In marcia / fermata / arresto;Conducente;M;Rimandato;0;NON DECEDUTO;Non accertato;
2368318;5;11/05/2015 05:45;Strada Urbana;VIALE PALMIRO TOGLIATTI;in prossimità;;del civico n.;1470;;Tamponamento Multiplo;Rettilineo;Due carreggiate;Asciutto;Asfaltata;Verticale ed orizzontale;Sereno;Scarso;Buona;Ore Diurne;2;0;0;1;12.57204;41.91141;-1;3;Autovettura privata;In marcia / fermata / arresto;Conducente;M;Rimandato;0;NON DECEDUTO;Non accertato;