Protocollo;Gruppo;DataOraIncidente;Localizzazione1;STRADA1;Localizzazione2;STRADA2;Strada02;Chilometrica;DaSpecificare;NaturaIncidente;particolaritastrade;TipoStrada;FondoStradale;Pavimentazione;Segnaletica;CondizioneAtmosferica;Traffico;Visibilita;Illuminazione;NUM_FERITI;NUM_RISERVATA;NUM_MORTI;NUM_ILLESI;Longitudine;Latitudine;Confermato;Progressivo;TipoVeicolo;StatoVeicolo;TipoPersona;Sesso;Tipolesione;Deceduto;DecedutoDopo;CinturaCascoUtilizzato;Airbag
2369702;1;12/05/2015 12:00;Strada Urbana;VIA DELLA GRECA;all'intersezione semaforizzata con;PIAZZA DELLA BOCCA DELLA VERITA';PIAZZA DELLA BOCCA DELLA VERITA';;;Scontro laterale fra veicoli in marcia;Intersezione semaforizzata;Una carreggiata a doppio senso;Asciutto;Asfaltata;Verticale ed orizzontale;Sereno;Normale;Buona;Ore Diurne;0;0;0;5;12.48124;41.888;-1;2;Autobus turistico;In marcia / fermata / arresto;Conducente;M;Illeso;0;;Non accertato;Inesploso
2369702;1;12/05/2015 12:00;Strada Urbana;VIA DELLA GRECA;all'intersezione semaforizzata con;PIAZZA DELLA BOCCA DELLA VERITA';PIAZZA DELLA BOCCA DELLA VERITA';;;Scontro laterale fra veicoli in marcia;Intersezione semaforizzata;Una carreggiata a doppio senso;Asciutto;Asfaltata;Verticale ed orizzontale;Sereno;Normale;Buona;Ore Diurne;0;0;0;5;12.48124;41.888;-1;2;Autobus turistico;In marcia / fermata / arresto;Passeggero;M;Illeso;0;;Non accertato;Inesploso
2369717;4;12/05/2015 13:05;Provinciale entro l'abitato;VIA NOMENTANA;in corrispondenza;;del civico n.;942;;Scontro laterale fra veicoli in marcia;Rettilineo;Una carreggiata a doppio senso;Asciutto;Asfaltata;Orizzontale;Sereno;Normale;Buona;Ore Diurne;1;0;0;1;12.56017;41.94424;-1;1;Motociclo a solo;In marcia / fermata / arresto;Conducente;M;Rifiuta cure immediate;0;NON DECEDUTO;Non accertato;
2369717;4;12/05/2015 13:05;Provinciale entro l'abitato;VIA NOMENTANA;in corrispondenza;;del civico n.;942;;Scontro laterale fra veicoli in marcia;Rettilineo;Una carreggiata a doppio senso;Asciutto;Asfaltata;Orizzontale;Sereno;Normale;Buona;Ore Diurne;1;0;0;1;12.56017;41.94424;-1;2;Autovettura privata;In marcia / fermata / arresto;Conducente;M;Illeso;0;;Non accertato;Inesploso
2369730;7;12/05/2015 16:10;Strada Urbana;VIA CASILINA;in prossimità;;del civico n.;712;;Scontro laterale fra veicoli in marcia;Rettilineo;Una carreggiata a senso unico di marcia;Asciutto;Asfaltata;Verticale ed orizzontale;Sereno;Normale;Buona;Ore Diurne;2;0;0;5;12.55695;41.87547;-1;1;Motociclo a solo;In marcia / fermata / arresto;Conducente;M;Rimandato;0;NON DECEDUTO;Utilizzato;
2369730;7;12/05/2015 16:10;Strada Urbana;VIA CASILINA;in prossimità;;del civico n.;712;;Scontro laterale fra veicoli in marcia;Rettilineo;Una carreggiata a senso unico di marcia;Asciutto;Asfaltata;Verticale ed orizzontale;Sereno;Normale;Buona;Ore Diurne;2;0;0;5;12.55695;41.87547;-1;2;Autovettura privata;In marcia / fermata / arresto;Conducente;M;Rifiuta cure immediate;0;NON DECEDUTO;Non accertato;Esploso
2369730;7;12/05/2015 16:10;Strada Urbana;VIA CASILINA;in prossimità;;del civico n.;712;;Scontro laterale fra veicoli in marcia;Rettilineo;Una carreggiata a senso unico di marcia;Asciutto;Asfaltata;Verticale ed orizzontale;Sereno;Normale;Buona;Ore Diurne;2;0;0;5;12.55695;41.87547;-1;2;Autovettura privata;In marcia / fermata / arresto;Passeggero;M;Illeso;0;;Non accertato;Esploso
2369730;7;12/05/2015 16:10;Strada Urbana;VIA CASILINA;in prossimità;;del civico n.;712;;Scontro laterale fra veicoli in marcia;Rettilineo;Una carreggiata a senso unico di marcia;Asciutto;Asfaltata;Verticale ed orizzontale;Sereno;Normale;Buona;Ore Diurne;2;0;0;5;12.55695;41.87547;-1;2;Autovettura privata;In marcia / fermata / arresto;Passeggero;F;Illeso;0;;Non accertato;Esploso
2369730;7;12/05/2015 16:10;Strada Urbana;VIA CASILINA;in prossimità;;del civico n.;712;;Scontro laterale fra veicoli in marcia;Rettilineo;Una carreggiata a senso unico di marcia;Asciutto;Asfaltata;Verticale ed orizzontale;Sereno;Normale;Buona;Ore Diurne;2;0;0;5;12.55695;41.87547;-1;3;Autovettura privata;In marcia / fermata / arresto;Conducente;M;Illeso;0;;Non accertato;Esploso
2369730;7;12/05/2015 16:10;Strada Urbana;VIA CASILINA;in prossimità;;del civico n.;712;;Scontro laterale fra veicoli in marcia;Rettilineo;Una carreggiata a senso unico di marcia;Asciutto;Asfaltata;Verticale ed orizzontale;Sereno;Normale;Buona;Ore Diurne;2;0;0;5;12.55695;41.87547;-1;4;Autovettura privata;In marcia / fermata / arresto;Conducente;M;Illeso;0;;Non accertato;Inesploso
2369730;7;12/05/2015 16:10;Strada Urbana;VIA CASILINA;in prossimità;;del civico n.;712;;Scontro laterale fra veicoli in marcia;Rettilineo;Una carreggiata a senso unico di marcia;Asciutto;Asfaltata;Verticale ed orizzontale;Sereno;Normale;Buona;Ore Diurne;2;0;0;5;12.55695;41.87547;-1;4;Autovettura privata;In marcia / fermata / arresto;Passeggero;F;Illeso;0;;Non accertato;Inesploso
2369731;3;12/05/2015 11:30;Strada Urbana;tangenziale / est dir. salaria;da specificare;;;;ALTEZZA SVINCOLO VIALE ETIOPIA;Scontro laterale fra veicoli in marcia;Rettilineo;Due carreggiate;Asciutto;Asfaltata;Verticale ed orizzontale;Sereno;Normale;Buona;Ore Diurne;1;0;0;1;12.52393;41.93198;-1;1;Autovettura privata;In marcia / fermata / arresto;Conducente;F;Illeso;0;;Non accertato;Inesploso
2369731;3;12/05/2015 11:30;Strada Urbana;tangenziale / est dir. salaria;da specificare;;;;ALTEZZA SVINCOLO VIALE ETIOPIA;Scontro laterale fra veicoli in marcia;Rettilineo;Due carreggiate;Asciutto;Asfaltata;Verticale ed orizzontale;Sereno;Normale;Buona;Ore Diurne;1;0;0;1;12.52393;41.93198;-1;2;Motociclo a solo;In marcia / fermata / arresto;Conducente;M;Rifiuta cure immediate;0;NON DECEDUTO;Non accertato;
2369745;1;12/05/2015 15:10;Strada Urbana;PIAZZA DELLA BOCCA DELLA VERITA';all'intersezione semaforizzata con;VIA DELLA GRECA;VIA DELLA GRECA;;;Tamponamento;Intersezione semaforizzata;Una carreggiata a doppio senso;Asciutto;Asfaltata;Verticale ed orizzontale;Sereno;Normale;Buona;Ore Diurne;0;0;0;3;12.48118;41.88803;-1;1;Autovettura privata;In marcia / fermata / arresto;Conducente;M;Illeso;0;;;Inesploso
2369745;1;12/05/2015 15:10;Strada Urbana;PIAZZA DELLA BOCCA DELLA VERITA';all'intersezione semaforizzata con;VIA DELLA GRECA;VIA DELLA GRECA;;;Tamponamento;Intersezione semaforizzata;Una carreggiata a doppio senso;Asciutto;Asfaltata;Verticale ed orizzontale;Sereno;Normale;Buona;Ore Diurne;0;0;0;3;12.48118;41.88803;-1;1;Autovettura privata;In marcia / fermata / arresto;Passeggero;F;Illeso;0;;;Inesploso
2369745;1;12/05/2015 15:10;Strada Urbana;PIAZZA DELLA BOCCA DELLA VERITA';all'intersezione semaforizzata con;VIA DELLA GRECA;VIA DELLA GRECA;;;Tamponamento;Intersezione semaforizzata;Una carreggiata a doppio senso;Asciutto;Asfaltata;Verticale ed orizzontale;Sereno;Normale;Buona;Ore Diurne;0;0;0;3;12.48118;41.88803;-1;2;Autobus turistico;In marcia / fermata / arresto;Conducente;M;Illeso;0;;;
2369748;3;12/05/2015 15:00;Strada Urbana;VIALE DELL'UNIVERSITA';da specificare;;;;in prossimità fronte civico 30 ;Investimento di pedone;Rettilineo;Una carreggiata a doppio senso;Asciutto;Asfaltata;Verticale ed orizzontale;Sereno;Normale;Buona;Ore Diurne;1;0;0;1;12.51275;41.90462;-1;;;;Pedone;F;Rimandato;0;NON DECEDUTO;;
2369748;3;12/05/2015 15:00;Strada Urbana;VIALE DELL'UNIVERSITA';da specificare;;;;in prossimità fronte civico 30 ;Investimento di pedone;Rettilineo;Una carreggiata a doppio senso;Asciutto;Asfaltata;Verticale ed orizzontale;Sereno;Normale;Buona;Ore Diurne;1;0;0;1;12.51275;41.90462;-1;1;Autovettura privata;In marcia / fermata / arresto;Conducente;F;Illeso;0;;Non accertato;Esploso
2369749;20;12/05/2015 13:00;Strada Urbana;VIA LOMAZZO;in prossimità;;del civico n.;180;;Scontro frontale/laterale DX fra veicoli in marcia;Rettilineo;Una carreggiata a doppio senso;Asciutto;Asfaltata;Assente;Sereno;Scarso;Buona;Ore Diurne;0;0;0;2;12.4663;42.02768;-1;1;Autovettura privata;In marcia / fermata / arresto;Conducente;F;Illeso;0;;Non accertato;Inesploso
2369749;20;12/05/2015 13:00;Strada Urbana;VIA LOMAZZO;in prossimità;;del civico n.;180;;Scontro frontale/laterale DX fra veicoli in marcia;Rettilineo;Una carreggiata a doppio senso;Asciutto;Asfaltata;Assente;Sereno;Scarso;Buona;Ore Diurne;0;0;0;2;12.4663;42.02768;-1;2;Autovettura privata;In marcia / fermata / arresto;Conducente;M;Illeso;0;;Non accertato;Inesploso
2369751;4;12/05/2015 13:30;Strada Urbana;VIA MONTE CRISTALLO;in corrispondenza;;del civico n.;2;;Veicolo in marcia contro veicolo in sosta;Rettilineo;Una carreggiata a senso unico di marcia;Asciutto;Asfaltata;Verticale;Sereno;Scarso;Buona;Ore Diurne;0;0;0;2;12.53102;41.93998;-1;1;Autovettura privata;In marcia / fermata / arresto;Conducente;F;Illeso;0;;Non accertato;Inesploso
2369751;4;12/05/2015 13:30;Strada Urbana;VIA MONTE CRISTALLO;in corrispondenza;;del civico n.;2;;Veicolo in marcia contro veicolo in sosta;Rettilineo;Una carreggiata a senso unico di marcia;Asciutto;Asfaltata;Verticale;Sereno;Scarso;Buona;Ore Diurne;0;0;0;2;12.53102;41.93998;-1;1;Autovettura privata;In marcia / fermata / arresto;Passeggero;F;Illeso;0;;Non accertato;
2369752;18;08/05/2015 09:15;Strada Urbana;VIA AURELIA;in corrispondenza;;del civico n.;424;;Veicolo in marcia contro veicolo in sosta;Rettilineo;Due carreggiate;Asciutto;Asfaltata;Verticale ed orizzontale;Sereno;Normale;Buona;Ore Diurne;1;0;0;1;12.42818;41.89874;-1;2;Motociclo a solo;In marcia / fermata / arresto;Conducente;M;Rimandato;0;NON DECEDUTO;Non accertato;
2369752;18;08/05/2015 09:15;Strada Urbana;VIA AURELIA;in corrispondenza;;del civico n.;424;;Veicolo in marcia contro veicolo in sosta;Rettilineo;Due carreggiate;Asciutto;Asfaltata;Verticale ed orizzontale;Sereno;Normale;Buona;Ore Diurne;1;0;0;1;12.42818;41.89874;-1;3;Autovettura privata;In marcia / fermata / arresto;Conducente;M;Illeso;0;;Non accertato;Inesploso
2369768;18;03/05/2015 11:15;Strada Urbana;VIA DI BOCCEA;in prossimità;;del civico n.;633;;Scontro laterale fra veicoli in marcia;Rettilineo;Una carreggiata a doppio senso;Asciutto;Asfaltata;Assente;Sereno;Normale;Buona;Ore Diurne;1;0;0;1;12.37614;41.92071;-1;1;Motociclo a solo;In marcia / fermata / arresto;Conducente;M;Rimandato;0;NON DECEDUTO;Non accertato;
2369768;18;03/05/2015 11:15;Strada Urbana;VIA DI BOCCEA;in prossimità;;del civico n.;633;;Scontro laterale fra veicoli in marcia;Rettilineo;Una carreggiata a doppio senso;Asciutto;Asfaltata;Assente;Sereno;Normale;Buona;Ore Diurne;1;0;0;1;12.37614;41.92071;-1;2;Motociclo a solo;In marcia / fermata / arresto;Conducente;M;Illeso;0;;Non accertato;
2369769;1;12/05/2015 19:15;Strada Urbana;PIAZZA VENEZIA;in prossimità;;del civico n.;16;;Veicolo in marcia contro ostacolo accidentale;Rotatoria;Una carreggiata a senso unico di marcia;Sdrucciolevole (pietrisco);In cubetti di porfido;Verticale ed orizzontale;Sereno;Normale;Buona;Ore Diurne;0;0;0;1;12.48283;41.89597;-1;1;Motociclo a solo;In marcia / fermata / arresto;Conducente;M;Illeso;0;;Non accertato;
2369779;20;12/05/2015 15:45;Strada Urbana;VIA FLAMINIA NUOVA;da specificare;;;;prossimità Via Valle Vescovo dir. Roma;Tamponamento Multiplo;Rettilineo;Due carreggiate;Asciutto;Asfaltata;Verticale ed orizzontale;Sereno;Normale;Buona;Ore Diurne;0;0;0;3;12.48775;41.96178;-1;1;Autovettura privata;In marcia / fermata / arresto;Conducente;M;Illeso;0;;Non accertato;Inesploso
2369779;20;12/05/2015 15:45;Strada Urbana;VIA FLAMINIA NUOVA;da specificare;;;;prossimità Via Valle Vescovo dir. Roma;Tamponamento Multiplo;Rettilineo;Due carreggiate;Asciutto;Asfaltata;Verticale ed orizzontale;Sereno;Normale;Buona;Ore Diurne;0;0;0;3;12.48775;41.96178;-1;2;Autovettura privata;In marcia / fermata / arresto;Conducente;M;Illeso;0;;Non accertato;Inesploso
2369779;20;12/05/2015 15:45;Strada Urbana;VIA FLAMINIA NUOVA;da specificare;;;;prossimità Via Valle Vescovo dir. Roma;Tamponamento Multiplo;Rettilineo;Due carreggiate;Asciutto;Asfaltata;Verticale ed orizzontale;Sereno;Normale;Buona;Ore Diurne;0;0;0;3;12.48775;41.96178;-1;3;Autovettura privata;In marcia / fermata / arresto;Conducente;M;Illeso;0;;Non accertato;Inesploso
2369785;1;12/05/2015 12:25;Strada Urbana;VIA DEL CORSO;in prossimità;;del civico n.;194;;Investimento di pedone;Rettilineo;Una carreggiata a doppio senso;Asciutto;Asfaltata;Verticale ed orizzontale;Sereno;Normale;Buona;Ore Diurne;0;0;0;2;12.48037;41.90121;-1;;;;Pedone;M;Illeso;0;;;
2369785;1;12/05/2015 12:25;Strada Urbana;VIA DEL CORSO;in prossimità;;del civico n.;194;;Investimento di pedone;Rettilineo;Una carreggiata a doppio senso;Asciutto;Asfaltata;Verticale ed orizzontale;Sereno;Normale;Buona;Ore Diurne;0;0;0;2;12.48037;41.90121;-1;1;Velocipede;In marcia / fermata / arresto;Conducente;M;Illeso;0;;Esente;
2369787;17;12/05/2015 12:15;Strada Urbana;PONTE DEL RISORGIMENTO;all'intersezione con;PIAZZA MONTE GRAPPA;PIAZZA MONTE GRAPPA;;;Scontro laterale fra veicoli in marcia;Incrocio;Una carreggiata a senso unico di marcia;Asciutto;Asfaltata;Verticale ed orizzontale;Sereno;Normale;Buona;Ore Diurne;0;0;0;3;12.46993;41.91865;-1;1;Autovettura privata;In marcia / fermata / arresto;Conducente;M;Illeso;0;;Non accertato;Inesploso
2369787;17;12/05/2015 12:15;Strada Urbana;PONTE DEL RISORGIMENTO;all'intersezione con;PIAZZA MONTE GRAPPA;PIAZZA MONTE GRAPPA;;;Scontro laterale fra veicoli in marcia;Incrocio;Una carreggiata a senso unico di marcia;Asciutto;Asfaltata;Verticale ed orizzontale;Sereno;Normale;Buona;Ore Diurne;0;0;0;3;12.46993;41.91865;-1;2;Autocarro inferiore 35 q.;In marcia / fermata / arresto;Conducente;M;Illeso;0;;Non accertato;Inesploso
2369787;17;12/05/2015 12:15;Strada Urbana;PONTE DEL RISORGIMENTO;all'intersezione con;PIAZZA MONTE GRAPPA;PIAZZA MONTE GRAPPA;;;Scontro laterale fra veicoli in marcia;Incrocio;Una carreggiata a senso unico di marcia;Asciutto;Asfaltata;Verticale ed orizzontale;Sereno;Normale;Buona;Ore Diurne;0;0;0;3;12.46993;41.91865;-1;2;Autocarro inferiore 35 q.;In marcia / fermata / arresto;Passeggero;M;Illeso;0;;Non accertato;Inesploso
2369790;4;12/05/2015 14:40;Strada Urbana;VIA RICCARDO BACCHELLI;da specificare;;;;in prossimità VIALE EZRA POUND;Infortunio per sola frenata improvvisa;Curva a visuale libera;Due carreggiate;Asciutto;Asfaltata;Verticale;Sereno;Scarso;Buona;Ore Diurne;1;0;0;0;12.5509;41.95374;-1;1;Motociclo a solo;In marcia / fermata / arresto;Conducente;M;Rimandato;0;NON DECEDUTO;Non accertato;
2369793;1;12/05/2015 09:30;Strada Urbana;PIAZZA VENEZIA;in corrispondenza;;del civico n.;14;;Tamponamento;Rotatoria;Una carreggiata a senso unico di marcia;Asciutto;Lastricata;Orizzontale;Sereno;Intenso;Buona;Ore Diurne;0;0;0;2;12.4827;41.89602;-1;1;Autovettura di polizia;In marcia / fermata / arresto;Conducente;M;Illeso;0;;Non accertato;
2369793;1;12/05/2015 09:30;Strada Urbana;PIAZZA VENEZIA;in corrispondenza;;del civico n.;14;;Tamponamento;Rotatoria;Una carreggiata a senso unico di marcia;Asciutto;Lastricata;Orizzontale;Sereno;Intenso;Buona;Ore Diurne;0;0;0;2;12.4827;41.89602;-1;2;Motociclo a solo;In marcia / fermata / arresto;Conducente;M;Illeso;0;;Non accertato;
2369796;2;12/05/2015 15:25;Strada Urbana;VIA ARCHIANO;all'intersezione con;VIA BENACO;VIA BENACO;;;Scontro frontale/laterale SX fra veicoli in marcia;Incrocio;Una carreggiata a senso unico di marcia;Asciutto;Asfaltata;Verticale ed orizzontale;Sereno;Normale;Buona;Ore Diurne;0;0;0;3;12.50615;41.92545;-1;1;Autovettura di polizia;In marcia / fermata / arresto;Conducente;M;Illeso;0;;Non accertato;Inesploso
2369796;2;12/05/2015 15:25;Strada Urbana;VIA ARCHIANO;all'intersezione con;VIA BENACO;VIA BENACO;;;Scontro frontale/laterale SX fra veicoli in marcia;Incrocio;Una carreggiata a senso unico di marcia;Asciutto;Asfaltata;Verticale ed orizzontale;Sereno;Normale;Buona;Ore Diurne;0;0;0;3;12.50615;41.92545;-1;1;Autovettura di polizia;In marcia / fermata / arresto;Passeggero;M;Illeso;0;;Non accertato;Inesploso
2369796;2;12/05/2015 15:25;Strada Urbana;VIA ARCHIANO;all'intersezione con;VIA BENACO;VIA BENACO;;;Scontro frontale/laterale SX fra veicoli in marcia;Incrocio;Una carreggiata a senso unico di marcia;Asciutto;Asfaltata;Verticale ed orizzontale;Sereno;Normale;Buona;Ore Diurne;0;0;0;3;12.50615;41.92545;-1;2;Autovettura privata;In marcia / fermata / arresto;Conducente;M;Illeso;0;;;
2369805;7;12/05/2015 10:15;Strada Urbana;VIA COLLATINA;da specificare;;;;frronte civico 144;Tamponamento;Curva a visuale libera;Una carreggiata a doppio senso;Asciutto;Asfaltata;Verticale ed orizzontale;Sereno;Normale;Buona;Ore Diurne;0;0;0;1;12.5683;41.90224;-1;1;Autovettura privata;In marcia / fermata / arresto;Conducente;M;Illeso;0;;;
2369806;2;12/05/2015 17:40;Strada Urbana;VIALE MARESCIALLO PILSUDSKI;in prossimità;;del civico n.;fronte 138;;Scontro laterale fra veicoli in marcia;Rettilineo;Una carreggiata a doppio senso;Asciutto;Asfaltata;Verticale ed orizzontale;Sereno;Normale;Buona;Ore Diurne;0;0;0;3;12.47782;41.92861;-1;1;Autovettura privata;In marcia / fermata / arresto;Conducente;M;Illeso;0;;;
2369806;2;12/05/2015 17:40;Strada Urbana;VIALE MARESCIALLO PILSUDSKI;in prossimità;;del civico n.;fronte 138;;Scontro laterale fra veicoli in marcia;Rettilineo;Una carreggiata a doppio senso;Asciutto;Asfaltata;Verticale ed orizzontale;Sereno;Normale;Buona;Ore Diurne;0;0;0;3;12.47782;41.92861;-1;2;Autovettura privata;In marcia / fermata / arresto;Conducente;F;Illeso;0;;;
2369806;2;12/05/2015 17:40;Strada Urbana;VIALE MARESCIALLO PILSUDSKI;in prossimità;;del civico n.;fronte 138;;Scontro laterale fra veicoli in marcia;Rettilineo;Una carreggiata a doppio senso;Asciutto;Asfaltata;Verticale ed orizzontale;Sereno;Normale;Buona;Ore Diurne;0;0;0;3;12.47782;41.92861;-1;2;Autovettura privata;In marcia / fermata / arresto;Passeggero;F;Illeso;0;;Non accertato;
2369807;9;13/05/2015 10:30;Strada Urbana;VIA LATINA;all'intersezione con;VIA LUSITANIA;VIA LUSITANIA;;;Scontro frontale/laterale DX fra veicoli in marcia;Intersezione stradale segnalata;Una carreggiata a doppio senso;Asciutto;Asfaltata;Verticale ed orizzontale;Sereno;Normale;Buona;Ore Diurne;2;0;0;2;12.50362;41.876;-1;1;Autovettura privata;In marcia / fermata / arresto;Conducente;M;Illeso;0;;;
2369807;9;13/05/2015 10:30;Strada Urbana;VIA LATINA;all'intersezione con;VIA LUSITANIA;VIA LUSITANIA;;;Scontro frontale/laterale DX fra veicoli in marcia;Intersezione stradale segnalata;Una carreggiata a doppio senso;Asciutto;Asfaltata;Verticale ed orizzontale;Sereno;Normale;Buona;Ore Diurne;2;0;0;2;12.50362;41.876;-1;1;Autovettura privata;In marcia / fermata / arresto;Passeggero;M;Illeso;0;;;
2369807;9;13/05/2015 10:30;Strada Urbana;VIA LATINA;all'intersezione con;VIA LUSITANIA;VIA LUSITANIA;;;Scontro frontale/laterale DX fra veicoli in marcia;Intersezione stradale segnalata;Una carreggiata a doppio senso;Asciutto;Asfaltata;Verticale ed orizzontale;Sereno;Normale;Buona;Ore Diurne;2;0;0;2;12.50362;41.876;-1;2;Autovettura privata;In marcia / fermata / arresto;Conducente;M;Rimandato;0;NON DECEDUTO;;
2369807;9;13/05/2015 10:30;Strada Urbana;VIA LATINA;all'intersezione con;VIA LUSITANIA;VIA LUSITANIA;;;Scontro frontale/laterale DX fra veicoli in marcia;Intersezione stradale segnalata;Una carreggiata a doppio senso;Asciutto;Asfaltata;Verticale ed orizzontale;Sereno;Normale;Buona;Ore Diurne;2;0;0;2;12.50362;41.876;-1;2;Autovettura privata;In marcia / fermata / arresto;Passeggero;M;Rimandato;0;NON DECEDUTO;;
2369809;1;12/05/2015 11:45;Strada Urbana;VIA D'AZEGLIO;all'intersezione con;VIA GIOVANNI AMENDOLA;VIA GIOVANNI AMENDOLA;;;Scontro frontale/laterale SX fra veicoli in marcia;Incrocio;Una carreggiata a senso unico di marcia;Asciutto;Asfaltata;Verticale ed orizzontale;Sereno;Intenso;Buona;Ore Diurne;0;0;0;2;12.49845;41.90081;-1;1;Autovettura di polizia;In marcia / fermata / arresto;Conducente;M;Illeso;0;;Esente;
2369809;1;12/05/2015 11:45;Strada Urbana;VIA D'AZEGLIO;all'intersezione con;VIA GIOVANNI AMENDOLA;VIA GIOVANNI AMENDOLA;;;Scontro frontale/laterale SX fra veicoli in marcia;Incrocio;Una carreggiata a senso unico di marcia;Asciutto;Asfaltata;Verticale ed orizzontale;Sereno;Intenso;Buona;Ore Diurne;0;0;0;2;12.49845;41.90081;-1;2;Autovettura privata;In marcia / fermata / arresto;Conducente;M;Illeso;0;;Non accertato;
2369812;2;12/05/2015 18:10;Strada Urbana;LARGO PIERO GABRIELLI;da specificare;;;;alt. Via dei Campi Sportivi;Tamponamento;Rettilineo;Una carreggiata a doppio senso;Asciutto;Asfaltata;Verticale ed orizzontale;Sereno;Normale;Buona;Ore Diurne;2;0;0;2;12.49055;41.93633;-1;1;Autovettura di polizia;In marcia / fermata / arresto;Conducente;M;Rifiuta cure immediate;0;NON DECEDUTO;;
2369812;2;12/05/2015 18:10;Strada Urbana;LARGO PIERO GABRIELLI;da specificare;;;;alt. Via dei Campi Sportivi;Tamponamento;Rettilineo;Una carreggiata a doppio senso;Asciutto;Asfaltata;Verticale ed orizzontale;Sereno;Normale;Buona;Ore Diurne;2;0;0;2;12.49055;41.93633;-1;1;Autovettura di polizia;In marcia / fermata / arresto;Passeggero;M;Rifiuta cure immediate;0;NON DECEDUTO;;
2369812;2;12/05/2015 18:10;Strada Urbana;LARGO PIERO GABRIELLI;da specificare;;;;alt. Via dei Campi Sportivi;Tamponamento;Rettilineo;Una carreggiata a doppio senso;Asciutto;Asfaltata;Verticale ed orizzontale;Sereno;Normale;Buona;Ore Diurne;2;0;0;2;12.49055;41.93633;-1;2;Autovettura privata;In marcia / fermata / arresto;Conducente;M;Illeso;0;;;
2369812;2;12/05/2015 18:10;Strada Urbana;LARGO PIERO GABRIELLI;da specificare;;;;alt. Via dei Campi Sportivi;Tamponamento;Rettilineo;Una carreggiata a doppio senso;Asciutto;Asfaltata;Verticale ed orizzontale;Sereno;Normale;Buona;Ore Diurne;2;0;0;2;12.49055;41.93633;-1;2;Autovettura privata;In marcia / fermata / arresto;Passeggero;M;Illeso;0;;;
2369817;1;13/05/2015 10:15;Strada Urbana;VIA EMANUELE FILIBERTO;all'intersezione con;VIA LUDOVICO DI SAVOIA;VIA LUDOVICO DI SAVOIA;;;Scontro frontale/laterale DX fra veicoli in marcia;Incrocio;Una carreggiata a doppio senso;Asciutto;Asfaltata;Verticale ed orizzontale;Sereno;Normale;Buona;Ore Diurne;0;0;0;6;12.50835;41.88743;-1;1;Autovettura privata;In marcia / fermata / arresto;Conducente;M;Illeso;0;;Non accertato;Inesploso
2369817;1;13/05/2015 10:15;Strada Urbana;VIA EMANUELE FILIBERTO;all'intersezione con;VIA LUDOVICO DI SAVOIA;VIA LUDOVICO DI SAVOIA;;;Scontro frontale/laterale DX fra veicoli in marcia;Incrocio;Una carreggiata a doppio senso;Asciutto;Asfaltata;Verticale ed orizzontale;Sereno;Normale;Buona;Ore Diurne;0;0;0;6;12.50835;41.88743;-1;1;Autovettura privata;In marcia / fermata / arresto;Passeggero;F;Illeso;0;;Non accertato;Inesploso
2369817;1;13/05/2015 10:15;Strada Urbana;VIA EMANUELE FILIBERTO;all'intersezione con;VIA LUDOVICO DI SAVOIA;VIA LUDOVICO DI SAVOIA;;;Scontro frontale/laterale DX fra veicoli in marcia;Incrocio;Una carreggiata a doppio senso;Asciutto;Asfaltata;Verticale ed orizzontale;Sereno;Normale;Buona;Ore Diurne;0;0;0;6;12.50835;41.88743;-1;1;Autovettura privata;In marcia / fermata / arresto;Passeggero;F;Illeso;0;;Non accertato;Inesploso
2369817;1;13/05/2015 10:15;Strada Urbana;VIA EMANUELE FILIBERTO;all'intersezione con;VIA LUDOVICO DI SAVOIA;VIA LUDOVICO DI SAVOIA;;;Scontro frontale/laterale DX fra veicoli in marcia;Incrocio;Una carreggiata a doppio senso;Asciutto;Asfaltata;Verticale ed orizzontale;Sereno;Normale;Buona;Ore Diurne;0;0;0;6;12.50835;41.88743;-1;1;Autovettura privata;In marcia / fermata / arresto;Passeggero;F;Illeso;0;;Non accertato;Inesploso
2369817;1;13/05/2015 10:15;Strada Urbana;VIA EMANUELE FILIBERTO;all'intersezione con;VIA LUDOVICO DI SAVOIA;VIA LUDOVICO DI SAVOIA;;;Scontro frontale/laterale DX fra veicoli in marcia;Incrocio;Una carreggiata a doppio senso;Asciutto;Asfaltata;Verticale ed orizzontale;Sereno;Normale;Buona;Ore Diurne;0;0;0;6;12.50835;41.88743;-1;1;Autovettura privata;In marcia / fermata / arresto;Passeggero;F;Illeso;0;;Non accertato;Inesploso
2369817;1;13/05/2015 10:15;Strada Urbana;VIA EMANUELE FILIBERTO;all'intersezione con;VIA LUDOVICO DI SAVOIA;VIA LUDOVICO DI SAVOIA;;;Scontro frontale/laterale DX fra veicoli in marcia;Incrocio;Una carreggiata a doppio senso;Asciutto;Asfaltata;Verticale ed orizzontale;Sereno;Normale;Buona;Ore Diurne;0;0;0;6;12.50835;41.88743;-1;2;Motociclo a solo;In marcia / fermata / arresto;Conducente;M;Illeso;0;;Non accertato;
2369819;4;12/05/2015 16:50;Strada Urbana;VIALE LINA CAVALIERI;da specificare;;;;(rotatoria) altezza VIA PASQUARIELLO;Veicolo in marcia contro veicolo in sosta;Rotatoria;Una carreggiata a senso unico di marcia;Asciutto;Asfaltata;Verticale ed orizzontale;Sereno;Scarso;Buona;Ore Diurne;0;0;0;1;12.51594;41.96434;-1;1;Autovettura privata;In marcia / fermata / arresto;Conducente;M;Illeso;0;;Non accertato;