Protocollo;Gruppo;DataOraIncidente;Localizzazione1;STRADA1;Localizzazione2;STRADA2;Strada02;Chilometrica;DaSpecificare;NaturaIncidente;particolaritastrade;TipoStrada;FondoStradale;Pavimentazione;Segnaletica;CondizioneAtmosferica;Traffico;Visibilita;Illuminazione;NUM_FERITI;NUM_RISERVATA;NUM_MORTI;NUM_ILLESI;Longitudine;Latitudine;Confermato;Progressivo;TipoVeicolo;StatoVeicolo;TipoPersona;Sesso;Tipolesione;Deceduto;DecedutoDopo;CinturaCascoUtilizzato;Airbag
2370719;8;13/05/2015 06:30;Strada Urbana;VIA SAN FILI;da specificare;;;;alt. Via Laino Castello;Scontro frontale/laterale SX fra veicoli in marcia;Rettilineo;Una carreggiata a doppio senso;Asciutto;Asfaltata;Assente;Sereno;Scarso;Buona;Ore Diurne;1;0;0;1;12.68208;41.87004;-1;2;Autovettura privata;In marcia / fermata / arresto;Conducente;F;Rifiuta cure immediate;0;NON DECEDUTO;Non accertato;Inesploso
2370722;8;13/05/2015 08:30;Strada Urbana;VIA DEL FUOCO SACRO;all'intersezione con;VIA DI TOR BELLA MONACA;VIA DI TOR BELLA MONACA;;;Scontro laterale fra veicoli in marcia;Incrocio;Una carreggiata a doppio senso;Asciutto;Asfaltata;Verticale ed orizzontale;Sereno;Scarso;Buona;Ore Diurne;2;0;0;1;12.64101;41.86476;-1;1;Autovettura privata;In marcia / fermata / arresto;Conducente;F;Illeso;0;;Non accertato;Inesploso
2370722;8;13/05/2015 08:30;Strada Urbana;VIA DEL FUOCO SACRO;all'intersezione con;VIA DI TOR BELLA MONACA;VIA DI TOR BELLA MONACA;;;Scontro laterale fra veicoli in marcia;Incrocio;Una carreggiata a doppio senso;Asciutto;Asfaltata;Verticale ed orizzontale;Sereno;Scarso;Buona;Ore Diurne;2;0;0;1;12.64101;41.86476;-1;2;Autovettura privata;In marcia / fermata / arresto;Conducente;F;Rimandato;0;NON DECEDUTO;Non accertato;Esploso
2370722;8;13/05/2015 08:30;Strada Urbana;VIA DEL FUOCO SACRO;all'intersezione con;VIA DI TOR BELLA MONACA;VIA DI TOR BELLA MONACA;;;Scontro laterale fra veicoli in marcia;Incrocio;Una carreggiata a doppio senso;Asciutto;Asfaltata;Verticale ed orizzontale;Sereno;Scarso;Buona;Ore Diurne;2;0;0;1;12.64101;41.86476;-1;2;Autovettura privata;In marcia / fermata / arresto;Passeggero;M;Rimandato;0;NON DECEDUTO;Non accertato;Inesploso
2370723;6;13/05/2015 14:30;Strada Urbana;VIALE DELLA SERENISSIMA;in corrispondenza;;del civico n.;147;;Tamponamento Multiplo;Rettilineo;Più di due carreggiate;Asciutto;Asfaltata;Orizzontale;Sereno;Normale;Buona;Ore Diurne;0;0;0;5;12.55811;41.89856;-1;1;Autovettura privata;In marcia / fermata / arresto;Conducente;M;Illeso;0;;;
2370723;6;13/05/2015 14:30;Strada Urbana;VIALE DELLA SERENISSIMA;in corrispondenza;;del civico n.;147;;Tamponamento Multiplo;Rettilineo;Più di due carreggiate;Asciutto;Asfaltata;Orizzontale;Sereno;Normale;Buona;Ore Diurne;0;0;0;5;12.55811;41.89856;-1;1;Autovettura privata;In marcia / fermata / arresto;Passeggero;F;Illeso;0;;;
2370723;6;13/05/2015 14:30;Strada Urbana;VIALE DELLA SERENISSIMA;in corrispondenza;;del civico n.;147;;Tamponamento Multiplo;Rettilineo;Più di due carreggiate;Asciutto;Asfaltata;Orizzontale;Sereno;Normale;Buona;Ore Diurne;0;0;0;5;12.55811;41.89856;-1;2;Autovettura privata;In marcia / fermata / arresto;Conducente;M;Illeso;0;;;
2370723;6;13/05/2015 14:30;Strada Urbana;VIALE DELLA SERENISSIMA;in corrispondenza;;del civico n.;147;;Tamponamento Multiplo;Rettilineo;Più di due carreggiate;Asciutto;Asfaltata;Orizzontale;Sereno;Normale;Buona;Ore Diurne;0;0;0;5;12.55811;41.89856;-1;2;Autovettura privata;In marcia / fermata / arresto;Passeggero;F;Illeso;0;;;
2370723;6;13/05/2015 14:30;Strada Urbana;VIALE DELLA SERENISSIMA;in corrispondenza;;del civico n.;147;;Tamponamento Multiplo;Rettilineo;Più di due carreggiate;Asciutto;Asfaltata;Orizzontale;Sereno;Normale;Buona;Ore Diurne;0;0;0;5;12.55811;41.89856;-1;3;Autovettura privata;In marcia / fermata / arresto;Conducente;M;Illeso;0;;;
2370726;11;14/05/2015 06:30;Strada Urbana;VIA DEL GAZOMETRO;in corrispondenza;;del civico n.;40b;;Veicolo in marcia contro veicolo fermo;Rettilineo;Una carreggiata a doppio senso;Asciutto;Asfaltata;Verticale ed orizzontale;Sereno;Scarso;Buona;Ore Diurne;0;0;0;2;12.47917;41.87155;-1;1;Autovettura privata;In marcia / fermata / arresto;Conducente;M;Illeso;0;;Non accertato;Inesploso
2370726;11;14/05/2015 06:30;Strada Urbana;VIA DEL GAZOMETRO;in corrispondenza;;del civico n.;40b;;Veicolo in marcia contro veicolo fermo;Rettilineo;Una carreggiata a doppio senso;Asciutto;Asfaltata;Verticale ed orizzontale;Sereno;Scarso;Buona;Ore Diurne;0;0;0;2;12.47917;41.87155;-1;2;Autocarro inferiore 35 q.;In marcia / fermata / arresto;Conducente;M;Illeso;0;;Non accertato;Inesploso
2370742;19;13/05/2015 23:30;Strada Urbana;VIA BRACCIANENSE;all'intersezione con;VIA DELLA STORTA;VIA DELLA STORTA;;;Investimento di pedone;Incrocio;Una carreggiata a doppio senso;Asciutto;Asfaltata;Verticale ed orizzontale;Sereno;Scarso;Insufficiente;Inesistente;1;0;0;1;12.38249;42.0031;-1;;;;Pedone;M;Rimandato;0;NON DECEDUTO;;
2370742;19;13/05/2015 23:30;Strada Urbana;VIA BRACCIANENSE;all'intersezione con;VIA DELLA STORTA;VIA DELLA STORTA;;;Investimento di pedone;Incrocio;Una carreggiata a doppio senso;Asciutto;Asfaltata;Verticale ed orizzontale;Sereno;Scarso;Insufficiente;Inesistente;1;0;0;1;12.38249;42.0031;-1;1;Autovettura privata;In marcia / fermata / arresto;Conducente;M;Illeso;0;;;
2370750;6;13/05/2015 16:00;Strada Urbana;VIA CASILINA;da specificare;;;;FRONTE VIA DEL MANDRIONE;Fuoriuscita dalla sede stradale;Rettilineo;Più di due carreggiate;Asciutto;Asfaltata;Verticale ed orizzontale;Sereno;Normale;Buona;Ore Diurne;0;0;0;2;12.53084;41.88426;-1;1;Autovettura privata;In marcia / fermata / arresto;Conducente;M;Illeso;0;;;
2370750;6;13/05/2015 16:00;Strada Urbana;VIA CASILINA;da specificare;;;;FRONTE VIA DEL MANDRIONE;Fuoriuscita dalla sede stradale;Rettilineo;Più di due carreggiate;Asciutto;Asfaltata;Verticale ed orizzontale;Sereno;Normale;Buona;Ore Diurne;0;0;0;2;12.53084;41.88426;-1;1;Autovettura privata;In marcia / fermata / arresto;Passeggero;F;Illeso;0;;;
2370753;9;14/05/2015 07:15;Strada Urbana;VIA TUSCOLANA;all'intersezione con;VIA ROCCA DI PAPA;VIA ROCCA DI PAPA;;;Scontro laterale fra veicoli in marcia;Intersezione stradale segnalata;Due carreggiate;Asciutto;Asfaltata;Verticale ed orizzontale;Sereno;Normale;Buona;Ore Diurne;1;0;0;1;12.53604;41.87026;-1;1;Motociclo a solo;In marcia / fermata / arresto;Conducente;M;Rimandato;0;NON DECEDUTO;Non accertato;
2370753;9;14/05/2015 07:15;Strada Urbana;VIA TUSCOLANA;all'intersezione con;VIA ROCCA DI PAPA;VIA ROCCA DI PAPA;;;Scontro laterale fra veicoli in marcia;Intersezione stradale segnalata;Due carreggiate;Asciutto;Asfaltata;Verticale ed orizzontale;Sereno;Normale;Buona;Ore Diurne;1;0;0;1;12.53604;41.87026;-1;2;Autovettura privata;In marcia / fermata / arresto;Conducente;F;Illeso;0;;Non accertato;Inesploso
2370764;6;13/05/2015 23:15;Strada Urbana;VIA CASILINA;all'intersezione con;CIRCONVALLAZIONE CASILINA;CIRCONVALLAZIONE CASILINA;;;Scontro frontale/laterale SX fra veicoli in marcia;Incrocio;Una carreggiata a doppio senso;Asciutto;Asfaltata;Assente;Sereno;Scarso;Sufficiente;Sufficiente;1;0;0;1;12.52688;41.88681;-1;1;Autocarro inferiore 35 q.;In marcia / fermata / arresto;Conducente;M;Illeso;0;;;
2370764;6;13/05/2015 23:15;Strada Urbana;VIA CASILINA;all'intersezione con;CIRCONVALLAZIONE CASILINA;CIRCONVALLAZIONE CASILINA;;;Scontro frontale/laterale SX fra veicoli in marcia;Incrocio;Una carreggiata a doppio senso;Asciutto;Asfaltata;Assente;Sereno;Scarso;Sufficiente;Sufficiente;1;0;0;1;12.52688;41.88681;-1;2;Velocipede;In marcia / fermata / arresto;Conducente;M;Rimandato;0;NON DECEDUTO;Esente;
2370788;1;13/05/2015 15:55;Strada Urbana;VIA DEL QUIRINALE;in prossimità;;del civico n.;30;;Scontro frontale/laterale SX fra veicoli in marcia;Rettilineo;Una carreggiata a doppio senso;Asciutto;Asfaltata;Verticale ed orizzontale;Sereno;Normale;Buona;Ore Diurne;0;0;0;3;12.48889;41.90044;-1;1;Autovettura privata;In marcia / fermata / arresto;Conducente;M;Illeso;0;;Non accertato;
2370788;1;13/05/2015 15:55;Strada Urbana;VIA DEL QUIRINALE;in prossimità;;del civico n.;30;;Scontro frontale/laterale SX fra veicoli in marcia;Rettilineo;Una carreggiata a doppio senso;Asciutto;Asfaltata;Verticale ed orizzontale;Sereno;Normale;Buona;Ore Diurne;0;0;0;3;12.48889;41.90044;-1;2;Motociclo con passeggero;In marcia / fermata / arresto;Conducente;M;Illeso;0;;Non accertato;
2370788;1;13/05/2015 15:55;Strada Urbana;VIA DEL QUIRINALE;in prossimità;;del civico n.;30;;Scontro frontale/laterale SX fra veicoli in marcia;Rettilineo;Una carreggiata a doppio senso;Asciutto;Asfaltata;Verticale ed orizzontale;Sereno;Normale;Buona;Ore Diurne;0;0;0;3;12.48889;41.90044;-1;2;Motociclo con passeggero;In marcia / fermata / arresto;Passeggero;M;Illeso;0;;Non accertato;
2370795;18;05/05/2015 10:25;Strada Urbana;PIAZZALE GREGORIO VII;in prossimità;;del civico n.;42;;Investimento di pedone;Rettilineo;Una carreggiata a senso unico di marcia;Asciutto;Asfaltata;Verticale ed orizzontale;Sereno;Normale;Buona;Ore Diurne;1;0;0;2;12.45002;41.89738;-1;;;;Pedone;F;Rimandato;0;NON DECEDUTO;;
2370795;18;05/05/2015 10:25;Strada Urbana;PIAZZALE GREGORIO VII;in prossimità;;del civico n.;42;;Investimento di pedone;Rettilineo;Una carreggiata a senso unico di marcia;Asciutto;Asfaltata;Verticale ed orizzontale;Sereno;Normale;Buona;Ore Diurne;1;0;0;2;12.45002;41.89738;-1;;;;Pedone;M;Illeso;0;;;
2370795;18;05/05/2015 10:25;Strada Urbana;PIAZZALE GREGORIO VII;in prossimità;;del civico n.;42;;Investimento di pedone;Rettilineo;Una carreggiata a senso unico di marcia;Asciutto;Asfaltata;Verticale ed orizzontale;Sereno;Normale;Buona;Ore Diurne;1;0;0;2;12.45002;41.89738;-1;1;Autocarro inferiore 35 q.;In marcia / fermata / arresto;Conducente;M;Illeso;0;;;
2370800;7;13/05/2015 14:20;Strada Urbana;VIALE DELLA BELLA VILLA;all'intersezione con;VIA DEL GRANO;VIA DEL GRANO;;;Scontro frontale/laterale SX fra veicoli in marcia;Incrocio;Una carreggiata a doppio senso;Asciutto;Asfaltata;Assente;Sereno;Normale;Sufficiente;Ore Diurne;2;0;0;1;12.57695;41.8735;-1;1;Autovettura privata;In marcia / fermata / arresto;Conducente;F;Rifiuta cure immediate;0;NON DECEDUTO;Non accertato;Inesploso
2370800;7;13/05/2015 14:20;Strada Urbana;VIALE DELLA BELLA VILLA;all'intersezione con;VIA DEL GRANO;VIA DEL GRANO;;;Scontro frontale/laterale SX fra veicoli in marcia;Incrocio;Una carreggiata a doppio senso;Asciutto;Asfaltata;Assente;Sereno;Normale;Sufficiente;Ore Diurne;2;0;0;1;12.57695;41.8735;-1;1;Autovettura privata;In marcia / fermata / arresto;Passeggero;M;Illeso;0;;Non accertato;Inesploso
2370800;7;13/05/2015 14:20;Strada Urbana;VIALE DELLA BELLA VILLA;all'intersezione con;VIA DEL GRANO;VIA DEL GRANO;;;Scontro frontale/laterale SX fra veicoli in marcia;Incrocio;Una carreggiata a doppio senso;Asciutto;Asfaltata;Assente;Sereno;Normale;Sufficiente;Ore Diurne;2;0;0;1;12.57695;41.8735;-1;2;Motociclo a solo;In marcia / fermata / arresto;Conducente;M;Rimandato;0;NON DECEDUTO;;
2370802;18;13/05/2015 19:45;Strada Urbana;VIA DI BOCCEA;in corrispondenza;;del civico n.;360;;Veicoli in marcia contro veicolo fermo;Pendenza;Una carreggiata a doppio senso;Asciutto;Asfaltata;Verticale ed orizzontale;Sereno;Normale;Buona;Ore Diurne;1;0;0;5;12.41259;41.90307;-1;1;Veicolo speciale;In marcia / fermata / arresto;Conducente;M;Illeso;0;;Non accertato;Inesploso
2370802;18;13/05/2015 19:45;Strada Urbana;VIA DI BOCCEA;in corrispondenza;;del civico n.;360;;Veicoli in marcia contro veicolo fermo;Pendenza;Una carreggiata a doppio senso;Asciutto;Asfaltata;Verticale ed orizzontale;Sereno;Normale;Buona;Ore Diurne;1;0;0;5;12.41259;41.90307;-1;2;Autovettura privata;In marcia / fermata / arresto;Conducente;F;Illeso;0;;Non accertato;Inesploso
2370802;18;13/05/2015 19:45;Strada Urbana;VIA DI BOCCEA;in corrispondenza;;del civico n.;360;;Veicoli in marcia contro veicolo fermo;Pendenza;Una carreggiata a doppio senso;Asciutto;Asfaltata;Verticale ed orizzontale;Sereno;Normale;Buona;Ore Diurne;1;0;0;5;12.41259;41.90307;-1;3;Autovettura privata;In marcia / fermata / arresto;Conducente;M;Illeso;0;;Non accertato;Inesploso
2370802;18;13/05/2015 19:45;Strada Urbana;VIA DI BOCCEA;in corrispondenza;;del civico n.;360;;Veicoli in marcia contro veicolo fermo;Pendenza;Una carreggiata a doppio senso;Asciutto;Asfaltata;Verticale ed orizzontale;Sereno;Normale;Buona;Ore Diurne;1;0;0;5;12.41259;41.90307;-1;3;Autovettura privata;In marcia / fermata / arresto;Passeggero;F;Rimandato;0;NON DECEDUTO;Non accertato;Inesploso
2370802;18;13/05/2015 19:45;Strada Urbana;VIA DI BOCCEA;in corrispondenza;;del civico n.;360;;Veicoli in marcia contro veicolo fermo;Pendenza;Una carreggiata a doppio senso;Asciutto;Asfaltata;Verticale ed orizzontale;Sereno;Normale;Buona;Ore Diurne;1;0;0;5;12.41259;41.90307;-1;4;Autovettura privata;In marcia / fermata / arresto;Conducente;M;Illeso;0;;Non accertato;Inesploso
2370802;18;13/05/2015 19:45;Strada Urbana;VIA DI BOCCEA;in corrispondenza;;del civico n.;360;;Veicoli in marcia contro veicolo fermo;Pendenza;Una carreggiata a doppio senso;Asciutto;Asfaltata;Verticale ed orizzontale;Sereno;Normale;Buona;Ore Diurne;1;0;0;5;12.41259;41.90307;-1;4;Autovettura privata;In marcia / fermata / arresto;Passeggero;M;Illeso;0;;Non accertato;Inesploso
2370811;18;11/05/2015 11:20;Strada Urbana;VIA DI SELVA CANDIDA;in corrispondenza;;del civico n.;21;;Scontro frontale/laterale SX fra veicoli in marcia;Rettilineo;Una carreggiata a doppio senso;Asciutto;Asfaltata;Verticale ed orizzontale;Sereno;Normale;Buona;Ore Diurne;2;0;0;1;12.37559;41.92195;-1;1;Autovettura privata;In marcia / fermata / arresto;Conducente;M;Illeso;0;;Non accertato;Inesploso
2370811;18;11/05/2015 11:20;Strada Urbana;VIA DI SELVA CANDIDA;in corrispondenza;;del civico n.;21;;Scontro frontale/laterale SX fra veicoli in marcia;Rettilineo;Una carreggiata a doppio senso;Asciutto;Asfaltata;Verticale ed orizzontale;Sereno;Normale;Buona;Ore Diurne;2;0;0;1;12.37559;41.92195;-1;2;Motociclo con passeggero;In marcia / fermata / arresto;Conducente;M;Rimandato;0;NON DECEDUTO;Non accertato;
2370811;18;11/05/2015 11:20;Strada Urbana;VIA DI SELVA CANDIDA;in corrispondenza;;del civico n.;21;;Scontro frontale/laterale SX fra veicoli in marcia;Rettilineo;Una carreggiata a doppio senso;Asciutto;Asfaltata;Verticale ed orizzontale;Sereno;Normale;Buona;Ore Diurne;2;0;0;1;12.37559;41.92195;-1;2;Motociclo con passeggero;In marcia / fermata / arresto;Passeggero;F;Rimandato;0;NON DECEDUTO;Non accertato;
2370815;18;06/05/2015 15:30;Strada Urbana;VIA PIETRO UBALDO ANGELETTI;da specificare;;;;fronte via D. Giordano ( area parcheggio );Veicolo in marcia contro veicolo in sosta;Rettilineo;Una carreggiata a senso unico di marcia;Asciutto;Asfaltata;Verticale ed orizzontale;Sereno;Normale;Buona;Ore Diurne;0;0;0;1;12.38761;41.90966;-1;1;Ciclomotore;In marcia / fermata / arresto;Conducente;F;Illeso;0;;Non accertato;
2370820;20;13/05/2015 08:10;Strada Urbana;VIA DEI COLLI DELLA FARNESINA;in prossimità;;del civico n.;140;;Scontro laterale fra veicoli in marcia;Rettilineo;Una carreggiata a doppio senso;Asciutto;Asfaltata;Orizzontale;Sereno;Normale;Buona;Ore Diurne;0;0;0;3;12.45735;41.94163;-1;1;Autovettura privata;In marcia / fermata / arresto;Conducente;F;Illeso;0;;Non accertato;Inesploso
2370820;20;13/05/2015 08:10;Strada Urbana;VIA DEI COLLI DELLA FARNESINA;in prossimità;;del civico n.;140;;Scontro laterale fra veicoli in marcia;Rettilineo;Una carreggiata a doppio senso;Asciutto;Asfaltata;Orizzontale;Sereno;Normale;Buona;Ore Diurne;0;0;0;3;12.45735;41.94163;-1;1;Autovettura privata;In marcia / fermata / arresto;Passeggero;F;Illeso;0;;Non accertato;Inesploso
2370820;20;13/05/2015 08:10;Strada Urbana;VIA DEI COLLI DELLA FARNESINA;in prossimità;;del civico n.;140;;Scontro laterale fra veicoli in marcia;Rettilineo;Una carreggiata a doppio senso;Asciutto;Asfaltata;Orizzontale;Sereno;Normale;Buona;Ore Diurne;0;0;0;3;12.45735;41.94163;-1;2;Autovettura privata;In marcia / fermata / arresto;Conducente;F;Illeso;0;;Non accertato;Inesploso
2370825;1;13/05/2015 17:45;Strada Urbana;PIAZZA DEL COLOSSEO;all'intersezione semaforizzata con;VIA DI S. GIOVANNI IN LATERANO;VIA DI S. GIOVANNI IN LATERANO;;;Scontro laterale fra veicoli in marcia;Intersezione semaforizzata;Più di due carreggiate;Asciutto;Asfaltata;Verticale ed orizzontale;Sereno;Intenso;Buona;Ore Diurne;0;0;0;3;12.49392;41.88978;-1;1;Autovettura privata;In marcia / fermata / arresto;Conducente;M;Illeso;0;;;
2370825;1;13/05/2015 17:45;Strada Urbana;PIAZZA DEL COLOSSEO;all'intersezione semaforizzata con;VIA DI S. GIOVANNI IN LATERANO;VIA DI S. GIOVANNI IN LATERANO;;;Scontro laterale fra veicoli in marcia;Intersezione semaforizzata;Più di due carreggiate;Asciutto;Asfaltata;Verticale ed orizzontale;Sereno;Intenso;Buona;Ore Diurne;0;0;0;3;12.49392;41.88978;-1;2;Motociclo a solo;In marcia / fermata / arresto;Conducente;M;Illeso;0;;;
2370825;1;13/05/2015 17:45;Strada Urbana;PIAZZA DEL COLOSSEO;all'intersezione semaforizzata con;VIA DI S. GIOVANNI IN LATERANO;VIA DI S. GIOVANNI IN LATERANO;;;Scontro laterale fra veicoli in marcia;Intersezione semaforizzata;Più di due carreggiate;Asciutto;Asfaltata;Verticale ed orizzontale;Sereno;Intenso;Buona;Ore Diurne;0;0;0;3;12.49392;41.88978;-1;3;Autobus di linea;In marcia / fermata / arresto;Conducente;M;Illeso;0;;;
2370847;10;14/05/2015 08:30;Statale;VIA APPIA NUOVA;in prossimità;;della chilometrica;14.8;;Fuoriuscita dalla sede stradale;Rettilineo;Due carreggiate;Asciutto;Asfaltata;Orizzontale;Sereno;Normale;Buona;Ore Diurne;1;0;0;0;12.58119;41.80338;-1;1;Autocarro inferiore 35 q.;In marcia / fermata / arresto;Conducente;M;Rimandato;0;NON DECEDUTO;Non accertato;Inesistente
2370852;18;06/05/2015 20:30;Strada Urbana;VIA GREGORIO VII;in prossimità;;del civico n.;166;;Investimento di pedone;Rettilineo;Più di due carreggiate;Asciutto;Asfaltata;Verticale ed orizzontale;Sereno;Scarso;Buona;Ore Diurne;1;0;0;4;12.4442;41.8961;-1;;;;Pedone;M;Rifiuta cure immediate;0;NON DECEDUTO;;
2370852;18;06/05/2015 20:30;Strada Urbana;VIA GREGORIO VII;in prossimità;;del civico n.;166;;Investimento di pedone;Rettilineo;Più di due carreggiate;Asciutto;Asfaltata;Verticale ed orizzontale;Sereno;Scarso;Buona;Ore Diurne;1;0;0;4;12.4442;41.8961;-1;1;Autovettura pubblica;In marcia / fermata / arresto;Conducente;M;Illeso;0;;Non accertato;Inesploso
2370852;18;06/05/2015 20:30;Strada Urbana;VIA GREGORIO VII;in prossimità;;del civico n.;166;;Investimento di pedone;Rettilineo;Più di due carreggiate;Asciutto;Asfaltata;Verticale ed orizzontale;Sereno;Scarso;Buona;Ore Diurne;1;0;0;4;12.4442;41.8961;-1;1;Autovettura pubblica;In marcia / fermata / arresto;Passeggero;F;Illeso;0;;Non accertato;Inesploso
2370852;18;06/05/2015 20:30;Strada Urbana;VIA GREGORIO VII;in prossimità;;del civico n.;166;;Investimento di pedone;Rettilineo;Più di due carreggiate;Asciutto;Asfaltata;Verticale ed orizzontale;Sereno;Scarso;Buona;Ore Diurne;1;0;0;4;12.4442;41.8961;-1;1;Autovettura pubblica;In marcia / fermata / arresto;Passeggero;M;Illeso;0;;Non accertato;Inesploso
2370852;18;06/05/2015 20:30;Strada Urbana;VIA GREGORIO VII;in prossimità;;del civico n.;166;;Investimento di pedone;Rettilineo;Più di due carreggiate;Asciutto;Asfaltata;Verticale ed orizzontale;Sereno;Scarso;Buona;Ore Diurne;1;0;0;4;12.4442;41.8961;-1;1;Autovettura pubblica;In marcia / fermata / arresto;Passeggero;M;Illeso;0;;Non accertato;Inesploso
2370878;4;13/05/2015 07:15;Provinciale entro l'abitato;VIA NOMENTANA;in corrispondenza;;del civico n.;1141/a;;Scontro frontale/laterale DX fra veicoli in marcia;Rettilineo;Una carreggiata a doppio senso;Asciutto;Asfaltata;Orizzontale;Sereno;Normale;Buona;Ore Diurne;1;0;0;2;12.57763;41.95613;-1;1;Autovettura privata;In marcia / fermata / arresto;Conducente;M;Illeso;0;;Non accertato;Inesistente
2370878;4;13/05/2015 07:15;Provinciale entro l'abitato;VIA NOMENTANA;in corrispondenza;;del civico n.;1141/a;;Scontro frontale/laterale DX fra veicoli in marcia;Rettilineo;Una carreggiata a doppio senso;Asciutto;Asfaltata;Orizzontale;Sereno;Normale;Buona;Ore Diurne;1;0;0;2;12.57763;41.95613;-1;1;Autovettura privata;In marcia / fermata / arresto;Passeggero;M;Illeso;0;;Non accertato;Inesistente
2370878;4;13/05/2015 07:15;Provinciale entro l'abitato;VIA NOMENTANA;in corrispondenza;;del civico n.;1141/a;;Scontro frontale/laterale DX fra veicoli in marcia;Rettilineo;Una carreggiata a doppio senso;Asciutto;Asfaltata;Orizzontale;Sereno;Normale;Buona;Ore Diurne;1;0;0;2;12.57763;41.95613;-1;2;Motociclo a solo;In marcia / fermata / arresto;Conducente;M;Rimandato;0;NON DECEDUTO;Non accertato;
2370895;20;13/05/2015 11:30;Strada Urbana;VIA DEL FORO ITALICO;da specificare;;;;svincolo Tor di Quinto direzione Stadio;Tamponamento Multiplo;Rettilineo;Due carreggiate;Asciutto;Asfaltata;Orizzontale;Sereno;Intenso;Buona;Ore Diurne;1;0;0;3;12.48216;41.94012;-1;1;Autovettura privata;In marcia / fermata / arresto;Conducente;M;Illeso;0;;Non accertato;Inesploso
2370895;20;13/05/2015 11:30;Strada Urbana;VIA DEL FORO ITALICO;da specificare;;;;svincolo Tor di Quinto direzione Stadio;Tamponamento Multiplo;Rettilineo;Due carreggiate;Asciutto;Asfaltata;Orizzontale;Sereno;Intenso;Buona;Ore Diurne;1;0;0;3;12.48216;41.94012;-1;2;Autovettura privata;In marcia / fermata / arresto;Conducente;M;Rimandato;0;NON DECEDUTO;Non accertato;Inesploso
2370895;20;13/05/2015 11:30;Strada Urbana;VIA DEL FORO ITALICO;da specificare;;;;svincolo Tor di Quinto direzione Stadio;Tamponamento Multiplo;Rettilineo;Due carreggiate;Asciutto;Asfaltata;Orizzontale;Sereno;Intenso;Buona;Ore Diurne;1;0;0;3;12.48216;41.94012;-1;3;Autocarro inferiore 35 q.;In marcia / fermata / arresto;Conducente;M;Illeso;0;;Non accertato;Inesploso
2370895;20;13/05/2015 11:30;Strada Urbana;VIA DEL FORO ITALICO;da specificare;;;;svincolo Tor di Quinto direzione Stadio;Tamponamento Multiplo;Rettilineo;Due carreggiate;Asciutto;Asfaltata;Orizzontale;Sereno;Intenso;Buona;Ore Diurne;1;0;0;3;12.48216;41.94012;-1;3;Autocarro inferiore 35 q.;In marcia / fermata / arresto;Passeggero;M;Illeso;0;;Non accertato;Inesploso
2370915;26;09/05/2015 09:50;Strada Urbana;VIA DELLE TRE PILE;all'intersezione con;VIA DEL TEATRO DI MARCELLO;VIA DEL TEATRO DI MARCELLO;;;Veicolo in marcia contro ostacolo fisso;Intersezione stradale segnalata;Una carreggiata a senso unico di marcia;Asciutto;In cubetti di porfido;Verticale;Sereno;Scarso;Buona;Ore Diurne;0;0;0;1;12.48206;41.89363;-1;1;Autocarro inferiore 35 q.;In marcia / fermata / arresto;Conducente;M;Illeso;0;;;
2370930;4;13/05/2015 15:00;Strada Urbana;VIA DELLA SERPENTARA;da specificare;;;;Fermata ATAC stazione Nuovo Salario;Investimento di pedone;Rettilineo;Una carreggiata a doppio senso;Asciutto;Asfaltata;Verticale ed orizzontale;Sereno;Scarso;Buona;Ore Diurne;0;1;0;1;12.5106;41.95811;-1;;;;Pedone;F;Prognosi riservata;0;NON DECEDUTO;;
2370930;4;13/05/2015 15:00;Strada Urbana;VIA DELLA SERPENTARA;da specificare;;;;Fermata ATAC stazione Nuovo Salario;Investimento di pedone;Rettilineo;Una carreggiata a doppio senso;Asciutto;Asfaltata;Verticale ed orizzontale;Sereno;Scarso;Buona;Ore Diurne;0;1;0;1;12.5106;41.95811;-1;1;Autovettura privata;In marcia / fermata / arresto;Conducente;F;Illeso;0;;Non accertato;Inesploso
2370932;3;13/05/2015 12:55;Strada Urbana;VIA DEGLI APULI;da specificare;;;;PROSSIMITA' CIVICO 39;Veicolo in marcia contro veicolo in sosta;Pendenza;Una carreggiata a senso unico di marcia;Asciutto;In cubetti di porfido;Verticale ed orizzontale;Sereno;Scarso;Buona;Ore Diurne;0;0;0;1;12.51669;41.89599;-1;1;Autovettura privata;In marcia / fermata / arresto;Conducente;F;Illeso;0;;Non accertato;Inesploso
2370945;18;06/05/2015 11:30;Strada Urbana;VIA FERRARA;in prossimità;;del civico n.;12;;Veicolo in marcia contro veicoli in sosta;Pendenza;Una carreggiata a doppio senso;Asciutto;Asfaltata;Verticale ed orizzontale;Sereno;Scarso;Buona;Ore Diurne;0;0;0;2;12.41876;41.89324;-1;1;Autovettura privata;In marcia / fermata / arresto;Conducente;M;Illeso;0;;Non accertato;Inesploso
2370945;18;06/05/2015 11:30;Strada Urbana;VIA FERRARA;in prossimità;;del civico n.;12;;Veicolo in marcia contro veicoli in sosta;Pendenza;Una carreggiata a doppio senso;Asciutto;Asfaltata;Verticale ed orizzontale;Sereno;Scarso;Buona;Ore Diurne;0;0;0;2;12.41876;41.89324;-1;1;Autovettura privata;In marcia / fermata / arresto;Passeggero;M;Illeso;0;;Non accertato;Inesploso