Protocollo;Gruppo;DataOraIncidente;Localizzazione1;STRADA1;Localizzazione2;STRADA2;Strada02;Chilometrica;DaSpecificare;NaturaIncidente;particolaritastrade;TipoStrada;FondoStradale;Pavimentazione;Segnaletica;CondizioneAtmosferica;Traffico;Visibilita;Illuminazione;NUM_FERITI;NUM_RISERVATA;NUM_MORTI;NUM_ILLESI;Longitudine;Latitudine;Confermato;Progressivo;TipoVeicolo;StatoVeicolo;TipoPersona;Sesso;Tipolesione;Deceduto;DecedutoDopo;CinturaCascoUtilizzato;Airbag
2379705;3;21/05/2015 18:30;Strada Urbana;VIA CATANIA;da specificare;;;;altezza civico 23;Tamponamento Multiplo;Rettilineo;Più di due carreggiate;Asciutto;Asfaltata;Verticale ed orizzontale;Sereno;Intenso;Buona;Ore Diurne;0;0;0;4;12.51865;41.91008;-1;3;Autovettura pubblica;In marcia / fermata / arresto;Conducente;F;Illeso;0;;Non accertato;Inesploso
2379757;2;22/05/2015 02:35;Strada Urbana;LUNGOTEVERE SALVO D'ACQUISTO;all'intersezione con;VIA PERU';VIA PERU';;;Scontro frontale/laterale SX fra veicoli in marcia;Incrocio;Una carreggiata a doppio senso;Asciutto;Asfaltata;Orizzontale;Sereno;Scarso;Insufficiente;Sufficiente;1;0;0;1;12.46968;41.93506;-1;1;Autovettura privata;In marcia / fermata / arresto;Conducente;M;Illeso;0;;;
2379757;2;22/05/2015 02:35;Strada Urbana;LUNGOTEVERE SALVO D'ACQUISTO;all'intersezione con;VIA PERU';VIA PERU';;;Scontro frontale/laterale SX fra veicoli in marcia;Incrocio;Una carreggiata a doppio senso;Asciutto;Asfaltata;Orizzontale;Sereno;Scarso;Insufficiente;Sufficiente;1;0;0;1;12.46968;41.93506;-1;2;Motociclo a solo;In marcia / fermata / arresto;Conducente;F;Ricoverato;0;NON DECEDUTO;Non accertato;
2379780;2;21/05/2015 10:55;Strada Urbana;VIALE ERITREA;all'intersezione semaforizzata con;VIA LAGO DI LESINA;VIA LAGO DI LESINA;;;Scontro laterale fra veicoli in marcia;Intersezione semaforizzata;Due carreggiate;Asciutto;Asfaltata;Verticale ed orizzontale;Sereno;Normale;Buona;Ore Diurne;0;0;0;2;12.51581;41.92646;-1;1;Motociclo a solo;In marcia / fermata / arresto;Conducente;F;Illeso;0;;Non accertato;
2379780;2;21/05/2015 10:55;Strada Urbana;VIALE ERITREA;all'intersezione semaforizzata con;VIA LAGO DI LESINA;VIA LAGO DI LESINA;;;Scontro laterale fra veicoli in marcia;Intersezione semaforizzata;Due carreggiate;Asciutto;Asfaltata;Verticale ed orizzontale;Sereno;Normale;Buona;Ore Diurne;0;0;0;2;12.51581;41.92646;-1;2;Autobus turistico;In marcia / fermata / arresto;Conducente;M;Illeso;0;;Non accertato;Inesploso
2379789;10;22/05/2015 12:45;Strada Urbana;PIAZZA DEI CONSOLI;all'intersezione con;VIALE S. GIOVANNI BOSCO;VIALE S. GIOVANNI BOSCO;;;Scontro frontale/laterale SX fra veicoli in marcia;Incrocio;Una carreggiata a senso unico di marcia;Asciutto;Asfaltata;Verticale ed orizzontale;Nuvoloso;Normale;Buona;Ore Diurne;1;0;0;1;12.5587;41.8617;-1;1;Motociclo a solo;In marcia / fermata / arresto;Conducente;F;Rimandato;0;NON DECEDUTO;Non accertato;
2379789;10;22/05/2015 12:45;Strada Urbana;PIAZZA DEI CONSOLI;all'intersezione con;VIALE S. GIOVANNI BOSCO;VIALE S. GIOVANNI BOSCO;;;Scontro frontale/laterale SX fra veicoli in marcia;Incrocio;Una carreggiata a senso unico di marcia;Asciutto;Asfaltata;Verticale ed orizzontale;Nuvoloso;Normale;Buona;Ore Diurne;1;0;0;1;12.5587;41.8617;-1;2;Autovettura privata;In marcia / fermata / arresto;Conducente;M;Illeso;0;;Non accertato;Inesploso
2379835;6;22/05/2015 13:15;Strada Urbana;VIA PRENESTINA;in prossimità;;del civico n.;376/A;;Scontro laterale fra veicoli in marcia;Rettilineo;Una carreggiata a senso unico di marcia;Asciutto;Asfaltata;Assente;Nuvoloso;Normale;Buona;Ore Diurne;0;0;0;5;12.55984;41.89496;-1;1;Autovettura di polizia;In marcia / fermata / arresto;Conducente;M;Illeso;0;;Non accertato;Inesploso
2379835;6;22/05/2015 13:15;Strada Urbana;VIA PRENESTINA;in prossimità;;del civico n.;376/A;;Scontro laterale fra veicoli in marcia;Rettilineo;Una carreggiata a senso unico di marcia;Asciutto;Asfaltata;Assente;Nuvoloso;Normale;Buona;Ore Diurne;0;0;0;5;12.55984;41.89496;-1;1;Autovettura di polizia;In marcia / fermata / arresto;Passeggero;M;Illeso;0;;Non accertato;Inesploso
2379835;6;22/05/2015 13:15;Strada Urbana;VIA PRENESTINA;in prossimità;;del civico n.;376/A;;Scontro laterale fra veicoli in marcia;Rettilineo;Una carreggiata a senso unico di marcia;Asciutto;Asfaltata;Assente;Nuvoloso;Normale;Buona;Ore Diurne;0;0;0;5;12.55984;41.89496;-1;2;Autovettura privata;In marcia / fermata / arresto;Conducente;F;Illeso;0;;Non accertato;Inesploso
2379835;6;22/05/2015 13:15;Strada Urbana;VIA PRENESTINA;in prossimità;;del civico n.;376/A;;Scontro laterale fra veicoli in marcia;Rettilineo;Una carreggiata a senso unico di marcia;Asciutto;Asfaltata;Assente;Nuvoloso;Normale;Buona;Ore Diurne;0;0;0;5;12.55984;41.89496;-1;2;Autovettura privata;In marcia / fermata / arresto;Passeggero;M;Illeso;0;;Esente;Inesploso
2379835;6;22/05/2015 13:15;Strada Urbana;VIA PRENESTINA;in prossimità;;del civico n.;376/A;;Scontro laterale fra veicoli in marcia;Rettilineo;Una carreggiata a senso unico di marcia;Asciutto;Asfaltata;Assente;Nuvoloso;Normale;Buona;Ore Diurne;0;0;0;5;12.55984;41.89496;-1;2;Autovettura privata;In marcia / fermata / arresto;Passeggero;F;Illeso;0;;Esente;Inesploso
2379841;20;22/05/2015 12:50;Strada Urbana;PIAZZA DEI GIUOCHI DELFICI;da specificare;;;;prossimità via di Vigna Stelluti;Scontro frontale/laterale DX fra veicoli in marcia;Rotatoria;Una carreggiata a senso unico di marcia;Bagnato (pioggia);Asfaltata;Verticale ed orizzontale;Pioggia in atto;Normale;Buona;Ore Diurne;0;0;0;2;12.46328;41.94673;-1;1;Motociclo a solo;In marcia / fermata / arresto;Conducente;F;Illeso;0;;Non accertato;
2379841;20;22/05/2015 12:50;Strada Urbana;PIAZZA DEI GIUOCHI DELFICI;da specificare;;;;prossimità via di Vigna Stelluti;Scontro frontale/laterale DX fra veicoli in marcia;Rotatoria;Una carreggiata a senso unico di marcia;Bagnato (pioggia);Asfaltata;Verticale ed orizzontale;Pioggia in atto;Normale;Buona;Ore Diurne;0;0;0;2;12.46328;41.94673;-1;2;Autovettura privata;In marcia / fermata / arresto;Conducente;F;Illeso;0;;Non accertato;Inesploso
2379900;11;22/05/2015 13:05;Strada Urbana;VIA ARDEATINA;in prossimità;;del civico n.;630;;Veicolo in marcia contro ostacolo fisso;Curva senza visuale libera;Una carreggiata a doppio senso;Asciutto;Asfaltata;Verticale;Nuvoloso;Normale;Buona;Ore Diurne;0;0;0;2;12.52618;41.81189;-1;1;Autovettura privata;In marcia / fermata / arresto;Conducente;M;Illeso;0;;Non accertato;
2379900;11;22/05/2015 13:05;Strada Urbana;VIA ARDEATINA;in prossimità;;del civico n.;630;;Veicolo in marcia contro ostacolo fisso;Curva senza visuale libera;Una carreggiata a doppio senso;Asciutto;Asfaltata;Verticale;Nuvoloso;Normale;Buona;Ore Diurne;0;0;0;2;12.52618;41.81189;-1;1;Autovettura privata;In marcia / fermata / arresto;Passeggero;M;Illeso;0;;Non accertato;Inesploso
2379925;20;22/05/2015 14:10;Strada Urbana;GALLERIA GIOVANNI XXIII;da specificare;;;;dir. via P. Sacchetti a 200mt. da inizio galleria;Scontro laterale fra veicoli in marcia;Curva a visuale libera;Una carreggiata a senso unico di marcia;Asciutto;Asfaltata;Orizzontale;Nuvoloso;Normale;Buona;Sufficiente;0;0;0;5;12.44462;41.94111;-1;1;Autovettura privata;In marcia / fermata / arresto;Conducente;M;Illeso;0;;Non accertato;Inesploso
2379925;20;22/05/2015 14:10;Strada Urbana;GALLERIA GIOVANNI XXIII;da specificare;;;;dir. via P. Sacchetti a 200mt. da inizio galleria;Scontro laterale fra veicoli in marcia;Curva a visuale libera;Una carreggiata a senso unico di marcia;Asciutto;Asfaltata;Orizzontale;Nuvoloso;Normale;Buona;Sufficiente;0;0;0;5;12.44462;41.94111;-1;1;Autovettura privata;In marcia / fermata / arresto;Passeggero;M;Illeso;0;;Non accertato;Inesploso
2379925;20;22/05/2015 14:10;Strada Urbana;GALLERIA GIOVANNI XXIII;da specificare;;;;dir. via P. Sacchetti a 200mt. da inizio galleria;Scontro laterale fra veicoli in marcia;Curva a visuale libera;Una carreggiata a senso unico di marcia;Asciutto;Asfaltata;Orizzontale;Nuvoloso;Normale;Buona;Sufficiente;0;0;0;5;12.44462;41.94111;-1;2;Autovettura privata;In marcia / fermata / arresto;Conducente;F;Illeso;0;;Non accertato;Inesploso
2379925;20;22/05/2015 14:10;Strada Urbana;GALLERIA GIOVANNI XXIII;da specificare;;;;dir. via P. Sacchetti a 200mt. da inizio galleria;Scontro laterale fra veicoli in marcia;Curva a visuale libera;Una carreggiata a senso unico di marcia;Asciutto;Asfaltata;Orizzontale;Nuvoloso;Normale;Buona;Sufficiente;0;0;0;5;12.44462;41.94111;-1;2;Autovettura privata;In marcia / fermata / arresto;Passeggero;M;Illeso;0;;Non accertato;Inesploso
2379925;20;22/05/2015 14:10;Strada Urbana;GALLERIA GIOVANNI XXIII;da specificare;;;;dir. via P. Sacchetti a 200mt. da inizio galleria;Scontro laterale fra veicoli in marcia;Curva a visuale libera;Una carreggiata a senso unico di marcia;Asciutto;Asfaltata;Orizzontale;Nuvoloso;Normale;Buona;Sufficiente;0;0;0;5;12.44462;41.94111;-1;2;Autovettura privata;In marcia / fermata / arresto;Passeggero;F;Illeso;0;;Non accertato;Inesploso
2379935;7;22/05/2015 15:10;Strada Urbana;VIA DI TOR TRE TESTE;all'intersezione con;VIA PIETRO FUMAROLI;VIA PIETRO FUMAROLI;;;Scontro frontale/laterale DX fra veicoli in marcia;Incrocio;Una carreggiata a doppio senso;Bagnato (pioggia);Asfaltata;Verticale ed orizzontale;Nuvoloso;Normale;Buona;Ore Diurne;0;0;0;1;12.59156;41.88165;-1;1;Autovettura privata;In marcia / fermata / arresto;Conducente;F;Illeso;0;;Non accertato;Inesploso
2379970;13;22/05/2015 15:05;Strada Urbana;VIA CESARE MACCARI;all'intersezione con;VIA DI PRATO CORNELIO;VIA DI PRATO CORNELIO;;;Scontro frontale/laterale SX fra veicoli in marcia;Incrocio;Una carreggiata a doppio senso;Asciutto;Asfaltata;Verticale ed orizzontale;Sereno;Normale;Buona;Ore Diurne;5;0;0;0;12.35888;41.77247;-1;1;Autovettura privata;In marcia / fermata / arresto;Conducente;F;Rimandato;0;NON DECEDUTO;Non accertato;Inesploso
2379970;13;22/05/2015 15:05;Strada Urbana;VIA CESARE MACCARI;all'intersezione con;VIA DI PRATO CORNELIO;VIA DI PRATO CORNELIO;;;Scontro frontale/laterale SX fra veicoli in marcia;Incrocio;Una carreggiata a doppio senso;Asciutto;Asfaltata;Verticale ed orizzontale;Sereno;Normale;Buona;Ore Diurne;5;0;0;0;12.35888;41.77247;-1;1;Autovettura privata;In marcia / fermata / arresto;Passeggero;M;Rimandato;0;NON DECEDUTO;Non accertato;Inesploso
2379970;13;22/05/2015 15:05;Strada Urbana;VIA CESARE MACCARI;all'intersezione con;VIA DI PRATO CORNELIO;VIA DI PRATO CORNELIO;;;Scontro frontale/laterale SX fra veicoli in marcia;Incrocio;Una carreggiata a doppio senso;Asciutto;Asfaltata;Verticale ed orizzontale;Sereno;Normale;Buona;Ore Diurne;5;0;0;0;12.35888;41.77247;-1;2;Autovettura privata;In marcia / fermata / arresto;Conducente;M;Rimandato;0;NON DECEDUTO;Non accertato;Inesploso
2379970;13;22/05/2015 15:05;Strada Urbana;VIA CESARE MACCARI;all'intersezione con;VIA DI PRATO CORNELIO;VIA DI PRATO CORNELIO;;;Scontro frontale/laterale SX fra veicoli in marcia;Incrocio;Una carreggiata a doppio senso;Asciutto;Asfaltata;Verticale ed orizzontale;Sereno;Normale;Buona;Ore Diurne;5;0;0;0;12.35888;41.77247;-1;2;Autovettura privata;In marcia / fermata / arresto;Passeggero;F;Rimandato;0;NON DECEDUTO;Non accertato;Inesistente
2379970;13;22/05/2015 15:05;Strada Urbana;VIA CESARE MACCARI;all'intersezione con;VIA DI PRATO CORNELIO;VIA DI PRATO CORNELIO;;;Scontro frontale/laterale SX fra veicoli in marcia;Incrocio;Una carreggiata a doppio senso;Asciutto;Asfaltata;Verticale ed orizzontale;Sereno;Normale;Buona;Ore Diurne;5;0;0;0;12.35888;41.77247;-1;2;Autovettura privata;In marcia / fermata / arresto;Passeggero;F;Rimandato;0;NON DECEDUTO;Utilizzato;Inesistente
2379995;19;22/05/2015 15:35;Strada Urbana;VIA CANALE MONTERANO;all'intersezione con;VIA VINCENZO ROVERO;VIA VINCENZO ROVERO;;;Scontro frontale/laterale SX fra veicoli in marcia;Incrocio;Una carreggiata a doppio senso;Bagnato (pioggia);Asfaltata;Assente;Nuvoloso;Scarso;Sufficiente;Ore Diurne;0;0;0;2;12.40163;41.96355;-1;1;Autovettura privata;In marcia / fermata / arresto;Conducente;M;Illeso;0;;;
2379995;19;22/05/2015 15:35;Strada Urbana;VIA CANALE MONTERANO;all'intersezione con;VIA VINCENZO ROVERO;VIA VINCENZO ROVERO;;;Scontro frontale/laterale SX fra veicoli in marcia;Incrocio;Una carreggiata a doppio senso;Bagnato (pioggia);Asfaltata;Assente;Nuvoloso;Scarso;Sufficiente;Ore Diurne;0;0;0;2;12.40163;41.96355;-1;2;Autovettura privata;In marcia / fermata / arresto;Conducente;F;Illeso;0;;;
2380010;10;22/05/2015 14:45;Strada Urbana;VIA ANAGNINA;da specificare;;;;fronte ericson inversione de Rm a Rm;Scontro frontale/laterale SX fra veicoli in marcia;Rettilineo;Più di due carreggiate;Bagnato (pioggia);Asfaltata;Verticale;Pioggia in atto;Scarso;Buona;Ore Diurne;0;0;0;2;12.6429;41.80065;-1;1;Autocarro inferiore 35 q.;In marcia / fermata / arresto;Conducente;M;Illeso;0;;Non accertato;Inesistente
2380010;10;22/05/2015 14:45;Strada Urbana;VIA ANAGNINA;da specificare;;;;fronte ericson inversione de Rm a Rm;Scontro frontale/laterale SX fra veicoli in marcia;Rettilineo;Più di due carreggiate;Bagnato (pioggia);Asfaltata;Verticale;Pioggia in atto;Scarso;Buona;Ore Diurne;0;0;0;2;12.6429;41.80065;-1;2;Motociclo a solo;In marcia / fermata / arresto;Conducente;M;Illeso;0;;Non accertato;
2380056;7;22/05/2015 16:45;Strada Urbana;VIALE GIORGIO MORANDI;in prossimità;;del civico n.;20;;Veicolo in marcia contro veicoli in sosta;Rettilineo;Una carreggiata a senso unico di marcia;Asciutto;Asfaltata;Verticale;Nuvoloso;Normale;Buona;Ore Diurne;0;0;0;2;12.5862;41.89666;-1;1;Autovettura privata;In marcia / fermata / arresto;Conducente;M;Illeso;0;;Non accertato;Inesploso
2380056;7;22/05/2015 16:45;Strada Urbana;VIALE GIORGIO MORANDI;in prossimità;;del civico n.;20;;Veicolo in marcia contro veicoli in sosta;Rettilineo;Una carreggiata a senso unico di marcia;Asciutto;Asfaltata;Verticale;Nuvoloso;Normale;Buona;Ore Diurne;0;0;0;2;12.5862;41.89666;-1;1;Autovettura privata;In marcia / fermata / arresto;Passeggero;F;Illeso;0;;Non accertato;Inesploso
2380086;13;22/05/2015 08:00;Strada Urbana;VIA CALVIGNANO;in prossimità;;del civico n.;26;;Scontro laterale fra veicoli in marcia;Rettilineo;Una carreggiata a senso unico di marcia;Asciutto;Asfaltata;Verticale ed orizzontale;Sereno;Normale;Buona;Ore Diurne;0;0;0;2;12.33318;41.78089;-1;1;Macchina operatrice;In marcia / fermata / arresto;Conducente;M;Illeso;0;;Non accertato;Inesploso
2380086;13;22/05/2015 08:00;Strada Urbana;VIA CALVIGNANO;in prossimità;;del civico n.;26;;Scontro laterale fra veicoli in marcia;Rettilineo;Una carreggiata a senso unico di marcia;Asciutto;Asfaltata;Verticale ed orizzontale;Sereno;Normale;Buona;Ore Diurne;0;0;0;2;12.33318;41.78089;-1;2;Autovettura privata;In marcia / fermata / arresto;Conducente;F;Illeso;0;;Non accertato;Inesploso
2380100;19;22/05/2015 13:31;Strada Urbana;VIA TRIONFALE;in prossimità;;del civico n.;11224;;Tamponamento;Curva a visuale libera;Una carreggiata a doppio senso;Bagnato (pioggia);Asfaltata;Orizzontale;Pioggia in atto;Intenso;Buona;Ore Diurne;0;1;0;3;12.41113;41.96012;-1;1;Autocarro inferiore 35 q.;In marcia / fermata / arresto;Conducente;M;Illeso;0;;Non accertato;Inesistente
2380100;19;22/05/2015 13:31;Strada Urbana;VIA TRIONFALE;in prossimità;;del civico n.;11224;;Tamponamento;Curva a visuale libera;Una carreggiata a doppio senso;Bagnato (pioggia);Asfaltata;Orizzontale;Pioggia in atto;Intenso;Buona;Ore Diurne;0;1;0;3;12.41113;41.96012;-1;1;Autocarro inferiore 35 q.;In marcia / fermata / arresto;Passeggero;M;Illeso;0;;Non accertato;Inesistente
2380100;19;22/05/2015 13:31;Strada Urbana;VIA TRIONFALE;in prossimità;;del civico n.;11224;;Tamponamento;Curva a visuale libera;Una carreggiata a doppio senso;Bagnato (pioggia);Asfaltata;Orizzontale;Pioggia in atto;Intenso;Buona;Ore Diurne;0;1;0;3;12.41113;41.96012;-1;2;Motociclo a solo;In marcia / fermata / arresto;Conducente;M;Prognosi riservata;0;NON DECEDUTO;Non accertato;
2380101;13;22/05/2015 09:30;Strada Urbana;VIA LUDOVICO CARDI;all'intersezione con;VIA DI SAPONARA;VIA DI SAPONARA;;;Investimento di pedone;Incrocio;Una carreggiata a doppio senso;Asciutto;Asfaltata;Verticale;Sereno;Normale;Buona;Ore Diurne;1;0;0;1;12.35674;41.77832;-1;;;;Pedone;M;Ricoverato;0;NON DECEDUTO;;
2380101;13;22/05/2015 09:30;Strada Urbana;VIA LUDOVICO CARDI;all'intersezione con;VIA DI SAPONARA;VIA DI SAPONARA;;;Investimento di pedone;Incrocio;Una carreggiata a doppio senso;Asciutto;Asfaltata;Verticale;Sereno;Normale;Buona;Ore Diurne;1;0;0;1;12.35674;41.77832;-1;1;Autovettura privata;In marcia / fermata / arresto;Conducente;M;Illeso;0;;Non accertato;Inesploso
2380108;11;22/05/2015 17:10;Strada Urbana;VIA OSTIENSE;da specificare;;;;prossimità Via Laurentina;Scontro laterale fra veicoli in marcia;Rettilineo;Una carreggiata a senso unico di marcia;Asciutto;Asfaltata;Verticale ed orizzontale;Nuvoloso;Normale;Buona;Ore Diurne;0;0;0;3;12.47695;41.85188;-1;1;Autovettura privata;In marcia / fermata / arresto;Conducente;M;Illeso;0;;Non accertato;
2380108;11;22/05/2015 17:10;Strada Urbana;VIA OSTIENSE;da specificare;;;;prossimità Via Laurentina;Scontro laterale fra veicoli in marcia;Rettilineo;Una carreggiata a senso unico di marcia;Asciutto;Asfaltata;Verticale ed orizzontale;Nuvoloso;Normale;Buona;Ore Diurne;0;0;0;3;12.47695;41.85188;-1;2;Autovettura privata;In marcia / fermata / arresto;Conducente;F;Illeso;0;;Non accertato;
2380108;11;22/05/2015 17:10;Strada Urbana;VIA OSTIENSE;da specificare;;;;prossimità Via Laurentina;Scontro laterale fra veicoli in marcia;Rettilineo;Una carreggiata a senso unico di marcia;Asciutto;Asfaltata;Verticale ed orizzontale;Nuvoloso;Normale;Buona;Ore Diurne;0;0;0;3;12.47695;41.85188;-1;2;Autovettura privata;In marcia / fermata / arresto;Passeggero;M;Illeso;0;;Non accertato;
2380140;10;22/05/2015 16:50;Strada Urbana;VIA ANAGNINA;da specificare;;;;altezza GRA dir. Grottaferrata;Veicolo in marcia contro ostacolo fisso;Rettilineo;Una carreggiata a senso unico di marcia;Asciutto;Asfaltata;Orizzontale;Nuvoloso;Normale;Buona;Ore Diurne;0;0;0;3;12.58993;41.83831;-1;1;Autovettura privata;In marcia / fermata / arresto;Conducente;M;Illeso;0;;Non accertato;Inesploso
2380140;10;22/05/2015 16:50;Strada Urbana;VIA ANAGNINA;da specificare;;;;altezza GRA dir. Grottaferrata;Veicolo in marcia contro ostacolo fisso;Rettilineo;Una carreggiata a senso unico di marcia;Asciutto;Asfaltata;Orizzontale;Nuvoloso;Normale;Buona;Ore Diurne;0;0;0;3;12.58993;41.83831;-1;2;Autovettura privata;In marcia / fermata / arresto;Conducente;M;Illeso;0;;Non accertato;Inesploso
2380140;10;22/05/2015 16:50;Strada Urbana;VIA ANAGNINA;da specificare;;;;altezza GRA dir. Grottaferrata;Veicolo in marcia contro ostacolo fisso;Rettilineo;Una carreggiata a senso unico di marcia;Asciutto;Asfaltata;Orizzontale;Nuvoloso;Normale;Buona;Ore Diurne;0;0;0;3;12.58993;41.83831;-1;2;Autovettura privata;In marcia / fermata / arresto;Passeggero;F;Illeso;0;;Non accertato;Inesploso
2380156;20;22/05/2015 18:00;Statale entro l'abitato;VIA CASSIA;in prossimità;;del civico n.;1776;;Ribaltamento senza urto contro ostacolo fisso;Rettilineo;Una carreggiata a doppio senso;Asciutto;Asfaltata;Orizzontale;Nuvoloso;Intenso;Buona;Ore Diurne;0;0;0;1;12.37898;42.00898;-1;1;Autovettura privata;In marcia / fermata / arresto;Conducente;M;Illeso;0;;Non accertato;Inesploso
2380162;6;22/05/2015 18:30;Strada Urbana;VIALE DELLA SERENISSIMA;in prossimità;;del civico n.;75;;Scontro laterale fra veicoli in marcia;Rettilineo;Due carreggiate;Asciutto;Asfaltata;Verticale ed orizzontale;Sereno;Normale;Buona;Ore Diurne;0;0;0;2;12.55849;41.89697;-1;1;Autovettura privata;In marcia / fermata / arresto;Conducente;M;Illeso;0;;Non accertato;Inesploso
2380162;6;22/05/2015 18:30;Strada Urbana;VIALE DELLA SERENISSIMA;in prossimità;;del civico n.;75;;Scontro laterale fra veicoli in marcia;Rettilineo;Due carreggiate;Asciutto;Asfaltata;Verticale ed orizzontale;Sereno;Normale;Buona;Ore Diurne;0;0;0;2;12.55849;41.89697;-1;2;Autovettura privata;In marcia / fermata / arresto;Conducente;F;Illeso;0;;Non accertato;Inesploso
2380177;8;22/05/2015 17:15;Strada Urbana;VIA POLENSE;all'intersezione con;VIA RIPATRANSONE;VIA RIPATRANSONE;;;Scontro frontale/laterale DX fra veicoli in marcia;Incrocio;Una carreggiata a doppio senso;Asciutto;Asfaltata;Verticale ed orizzontale;Nuvoloso;Normale;Buona;Ore Diurne;0;0;0;2;12.80252;41.90116;-1;1;Autovettura privata;In marcia / fermata / arresto;Conducente;F;Illeso;0;;Non accertato;
2380177;8;22/05/2015 17:15;Strada Urbana;VIA POLENSE;all'intersezione con;VIA RIPATRANSONE;VIA RIPATRANSONE;;;Scontro frontale/laterale DX fra veicoli in marcia;Incrocio;Una carreggiata a doppio senso;Asciutto;Asfaltata;Verticale ed orizzontale;Nuvoloso;Normale;Buona;Ore Diurne;0;0;0;2;12.80252;41.90116;-1;2;Autovettura privata;In marcia / fermata / arresto;Conducente;M;Illeso;0;;Non accertato;
2380438;11;23/05/2015 00:40;Strada Urbana;VIALE AFRICA;all'intersezione con;PIAZZALE MARCELLINO CHAMPAGNAT;PIAZZALE MARCELLINO CHAMPAGNAT;;;Scontro frontale/laterale DX fra veicoli in marcia;Incrocio;Una carreggiata a doppio senso;Bagnato (pioggia);Asfaltata;Verticale ed orizzontale;Nuvoloso;Scarso;Buona;Sufficiente;2;0;0;0;12.47552;41.82469;-1;1;Autovettura privata;In marcia / fermata / arresto;Conducente;F;Rimandato;0;NON DECEDUTO;Non accertato;Inesploso
2380438;11;23/05/2015 00:40;Strada Urbana;VIALE AFRICA;all'intersezione con;PIAZZALE MARCELLINO CHAMPAGNAT;PIAZZALE MARCELLINO CHAMPAGNAT;;;Scontro frontale/laterale DX fra veicoli in marcia;Incrocio;Una carreggiata a doppio senso;Bagnato (pioggia);Asfaltata;Verticale ed orizzontale;Nuvoloso;Scarso;Buona;Sufficiente;2;0;0;0;12.47552;41.82469;-1;2;Quadriciclo leggero;In marcia / fermata / arresto;Conducente;M;Rimandato;0;NON DECEDUTO;Non accertato;Inesploso
2380439;11;22/05/2015 23:15;Strada Urbana;VIALE LEONARDO DA VINCI;all'intersezione con;VIA GIOVANNIPOLI;VIA GIOVANNIPOLI;;;Scontro frontale/laterale SX fra veicoli in marcia;Rotatoria;Una carreggiata a doppio senso;Asciutto;Asfaltata;Verticale ed orizzontale;Nuvoloso;Scarso;Sufficiente;Sufficiente;0;0;0;4;12.48072;41.85943;-1;1;Autovettura privata;In marcia / fermata / arresto;Conducente;M;Illeso;0;;Non accertato;Inesploso
2380439;11;22/05/2015 23:15;Strada Urbana;VIALE LEONARDO DA VINCI;all'intersezione con;VIA GIOVANNIPOLI;VIA GIOVANNIPOLI;;;Scontro frontale/laterale SX fra veicoli in marcia;Rotatoria;Una carreggiata a doppio senso;Asciutto;Asfaltata;Verticale ed orizzontale;Nuvoloso;Scarso;Sufficiente;Sufficiente;0;0;0;4;12.48072;41.85943;-1;1;Autovettura privata;In marcia / fermata / arresto;Passeggero;M;Illeso;0;;Non accertato;Inesploso
2380439;11;22/05/2015 23:15;Strada Urbana;VIALE LEONARDO DA VINCI;all'intersezione con;VIA GIOVANNIPOLI;VIA GIOVANNIPOLI;;;Scontro frontale/laterale SX fra veicoli in marcia;Rotatoria;Una carreggiata a doppio senso;Asciutto;Asfaltata;Verticale ed orizzontale;Nuvoloso;Scarso;Sufficiente;Sufficiente;0;0;0;4;12.48072;41.85943;-1;1;Autovettura privata;In marcia / fermata / arresto;Passeggero;M;Illeso;0;;Non accertato;Inesploso
2380439;11;22/05/2015 23:15;Strada Urbana;VIALE LEONARDO DA VINCI;all'intersezione con;VIA GIOVANNIPOLI;VIA GIOVANNIPOLI;;;Scontro frontale/laterale SX fra veicoli in marcia;Rotatoria;Una carreggiata a doppio senso;Asciutto;Asfaltata;Verticale ed orizzontale;Nuvoloso;Scarso;Sufficiente;Sufficiente;0;0;0;4;12.48072;41.85943;-1;2;Autovettura privata;In marcia / fermata / arresto;Conducente;F;Illeso;0;;Non accertato;Inesploso
2380443;11;22/05/2015 12:00;Strada Urbana;VIALE PICO DELLA MIRANDOLA;da specificare;;;;prossimità mercato;Investimento di pedone;Rettilineo;Due carreggiate;Asciutto;Asfaltata;Verticale ed orizzontale;Nuvoloso;Normale;Buona;Ore Diurne;1;0;0;1;12.48543;41.84589;-1;;;;Pedone;F;Rimandato;0;NON DECEDUTO;;
2380443;11;22/05/2015 12:00;Strada Urbana;VIALE PICO DELLA MIRANDOLA;da specificare;;;;prossimità mercato;Investimento di pedone;Rettilineo;Due carreggiate;Asciutto;Asfaltata;Verticale ed orizzontale;Nuvoloso;Normale;Buona;Ore Diurne;1;0;0;1;12.48543;41.84589;-1;1;Autovettura privata;In marcia / fermata / arresto;Conducente;M;Illeso;0;;Non accertato;Inesploso
2380462;2;22/05/2015 13:50;Strada Urbana;VIA FRANCESCO JACOVACCI;in prossimità;;del palo luce n.;11;;Veicolo in marcia contro veicoli in sosta;Curva a visuale libera;Una carreggiata a senso unico di marcia;Bagnato (pioggia);Asfaltata;Verticale ed orizzontale;Pioggia in atto;Scarso;Buona;Ore Diurne;0;0;0;2;12.47515;41.91961;-1;1;Autovettura privata;In marcia / fermata / arresto;Conducente;F;Illeso;0;;Non accertato;Inesploso