Protocollo;Gruppo;DataOraIncidente;Localizzazione1;STRADA1;Localizzazione2;STRADA2;Strada02;Chilometrica;DaSpecificare;NaturaIncidente;particolaritastrade;TipoStrada;FondoStradale;Pavimentazione;Segnaletica;CondizioneAtmosferica;Traffico;Visibilita;Illuminazione;NUM_FERITI;NUM_RISERVATA;NUM_MORTI;NUM_ILLESI;Longitudine;Latitudine;Confermato;Progressivo;TipoVeicolo;StatoVeicolo;TipoPersona;Sesso;Tipolesione;Deceduto;DecedutoDopo;CinturaCascoUtilizzato;Airbag
2383277;13;26/05/2015 01:45;Strada Urbana;VIA DEL MARE;all'intersezione con;VIA DELLE CANARIE;VIA DELLE CANARIE;;;Scontro frontale/laterale SX fra veicoli in marcia;Intersezione semaforizzata;Una carreggiata a doppio senso;Asciutto;Asfaltata;Verticale ed orizzontale;Sereno;Scarso;Buona;Sufficiente;2;0;0;2;12.28311;41.73895;-1;1;Autovettura privata;In marcia / fermata / arresto;Passeggero;M;Illeso;0;;Non accertato;Inesploso
2383277;13;26/05/2015 01:45;Strada Urbana;VIA DEL MARE;all'intersezione con;VIA DELLE CANARIE;VIA DELLE CANARIE;;;Scontro frontale/laterale SX fra veicoli in marcia;Intersezione semaforizzata;Una carreggiata a doppio senso;Asciutto;Asfaltata;Verticale ed orizzontale;Sereno;Scarso;Buona;Sufficiente;2;0;0;2;12.28311;41.73895;-1;2;Autovettura privata;In marcia / fermata / arresto;Conducente;F;Rimandato;0;NON DECEDUTO;Utilizzato;Esploso
2383277;13;26/05/2015 01:45;Strada Urbana;VIA DEL MARE;all'intersezione con;VIA DELLE CANARIE;VIA DELLE CANARIE;;;Scontro frontale/laterale SX fra veicoli in marcia;Intersezione semaforizzata;Una carreggiata a doppio senso;Asciutto;Asfaltata;Verticale ed orizzontale;Sereno;Scarso;Buona;Sufficiente;2;0;0;2;12.28311;41.73895;-1;2;Autovettura privata;In marcia / fermata / arresto;Passeggero;F;Illeso;0;;Utilizzato;Esploso
2383281;8;25/05/2015 06:25;Strada Urbana;VIA COLLATINA;in prossimità;;del palo luce n.;578;;Veicolo in marcia contro ostacolo accidentale;Rettilineo;Una carreggiata a doppio senso;Asciutto;Asfaltata;Orizzontale;Sereno;Normale;Buona;Ore Diurne;0;0;0;1;12.61053;41.90604;-1;1;Autobus urbano;In marcia / fermata / arresto;Conducente;M;Illeso;0;;Non accertato;Inesploso
2383282;1;25/05/2015 07:45;Strada Urbana;VIA CESARE BATTISTI;in prossimità;;del civico n.;119;;Investimento di pedone;Rettilineo;Una carreggiata a doppio senso;Asciutto;Acciotolata;Verticale ed orizzontale;Sereno;Normale;Buona;Ore Diurne;1;0;0;1;12.4834;41.89683;-1;;;;Pedone;F;Ricoverato;0;NON DECEDUTO;;
2383282;1;25/05/2015 07:45;Strada Urbana;VIA CESARE BATTISTI;in prossimità;;del civico n.;119;;Investimento di pedone;Rettilineo;Una carreggiata a doppio senso;Asciutto;Acciotolata;Verticale ed orizzontale;Sereno;Normale;Buona;Ore Diurne;1;0;0;1;12.4834;41.89683;-1;1;Motociclo a solo;In marcia / fermata / arresto;Conducente;M;Illeso;0;;Non accertato;
2383284;20;25/05/2015 18:00;Strada Urbana;CIRCONVALLAZIONE SETTENTRIONALE;da specificare;;;;rampa ingres parcheg a pagamento Osp. Sant'Andrea;Scontro laterale fra veicoli in marcia;Curva a visuale libera;Una carreggiata a doppio senso;Asciutto;Asfaltata;Verticale ed orizzontale;Sereno;Scarso;Buona;Ore Diurne;0;0;0;5;12.50643;41.99084;-1;1;Autovettura privata;In marcia / fermata / arresto;Conducente;M;Illeso;0;;Non accertato;
2383284;20;25/05/2015 18:00;Strada Urbana;CIRCONVALLAZIONE SETTENTRIONALE;da specificare;;;;rampa ingres parcheg a pagamento Osp. Sant'Andrea;Scontro laterale fra veicoli in marcia;Curva a visuale libera;Una carreggiata a doppio senso;Asciutto;Asfaltata;Verticale ed orizzontale;Sereno;Scarso;Buona;Ore Diurne;0;0;0;5;12.50643;41.99084;-1;1;Autovettura privata;In marcia / fermata / arresto;Passeggero;M;Illeso;0;;Non accertato;
2383284;20;25/05/2015 18:00;Strada Urbana;CIRCONVALLAZIONE SETTENTRIONALE;da specificare;;;;rampa ingres parcheg a pagamento Osp. Sant'Andrea;Scontro laterale fra veicoli in marcia;Curva a visuale libera;Una carreggiata a doppio senso;Asciutto;Asfaltata;Verticale ed orizzontale;Sereno;Scarso;Buona;Ore Diurne;0;0;0;5;12.50643;41.99084;-1;2;Autovettura privata;In marcia / fermata / arresto;Conducente;F;Illeso;0;;Non accertato;
2383284;20;25/05/2015 18:00;Strada Urbana;CIRCONVALLAZIONE SETTENTRIONALE;da specificare;;;;rampa ingres parcheg a pagamento Osp. Sant'Andrea;Scontro laterale fra veicoli in marcia;Curva a visuale libera;Una carreggiata a doppio senso;Asciutto;Asfaltata;Verticale ed orizzontale;Sereno;Scarso;Buona;Ore Diurne;0;0;0;5;12.50643;41.99084;-1;2;Autovettura privata;In marcia / fermata / arresto;Passeggero;M;Illeso;0;;Non accertato;
2383286;13;25/05/2015 14:00;Strada Urbana;VIA MAR DEI CORALLI;all'intersezione con;VIA MAR DEI CARAIBI;VIA MAR DEI CARAIBI;;;Infortunio per sola frenata improvvisa;Incrocio;Una carreggiata a doppio senso;Asciutto;Asfaltata;Verticale ed orizzontale;Sereno;Normale;Buona;Ore Diurne;1;0;0;0;12.30154;41.72973;-1;1;Ciclomotore;In marcia / fermata / arresto;Conducente;F;Rimandato;0;NON DECEDUTO;Non accertato;
2383287;18;14/05/2015 10:30;Strada Urbana;VIA NAZARETH;in prossimità;;del civico n.;307;;Tamponamento;Rettilineo;Una carreggiata a doppio senso;Asciutto;Asfaltata;Verticale ed orizzontale;Sereno;Scarso;Buona;Ore Diurne;0;0;0;2;12.39884;41.90127;-1;1;Autovettura privata;In marcia / fermata / arresto;Conducente;F;Illeso;0;;;
2383287;18;14/05/2015 10:30;Strada Urbana;VIA NAZARETH;in prossimità;;del civico n.;307;;Tamponamento;Rettilineo;Una carreggiata a doppio senso;Asciutto;Asfaltata;Verticale ed orizzontale;Sereno;Scarso;Buona;Ore Diurne;0;0;0;2;12.39884;41.90127;-1;2;Autovettura privata;Allontanatosi;Conducente;M;Illeso;0;;;
2383288;7;25/05/2015 20:05;Strada Urbana;VIALE PALMIRO TOGLIATTI;all'intersezione con;VIA DELL'INCORONATA;VIA DELL'INCORONATA;;;Scontro laterale fra veicoli in marcia;Intersezione stradale segnalata;Due carreggiate;Asciutto;Asfaltata;Verticale ed orizzontale;Sereno;Normale;Buona;Sufficiente;0;0;0;3;12.57387;41.88807;-1;1;Autovettura privata;In marcia / fermata / arresto;Conducente;M;Illeso;0;;;Inesploso
2383288;7;25/05/2015 20:05;Strada Urbana;VIALE PALMIRO TOGLIATTI;all'intersezione con;VIA DELL'INCORONATA;VIA DELL'INCORONATA;;;Scontro laterale fra veicoli in marcia;Intersezione stradale segnalata;Due carreggiate;Asciutto;Asfaltata;Verticale ed orizzontale;Sereno;Normale;Buona;Sufficiente;0;0;0;3;12.57387;41.88807;-1;1;Autovettura privata;In marcia / fermata / arresto;Passeggero;F;Illeso;0;;Non accertato;Inesploso
2383288;7;25/05/2015 20:05;Strada Urbana;VIALE PALMIRO TOGLIATTI;all'intersezione con;VIA DELL'INCORONATA;VIA DELL'INCORONATA;;;Scontro laterale fra veicoli in marcia;Intersezione stradale segnalata;Due carreggiate;Asciutto;Asfaltata;Verticale ed orizzontale;Sereno;Normale;Buona;Sufficiente;0;0;0;3;12.57387;41.88807;-1;2;Autovettura privata;In marcia / fermata / arresto;Conducente;M;Illeso;0;;Non accertato;Inesploso
2383290;13;25/05/2015 09:20;Strada Urbana;CORSO DUCA DI GENOVA;all'intersezione con;VIA FRANCESCO GRENET;VIA FRANCESCO GRENET;;;Scontro frontale fra veicoli in marcia;Incrocio;Una carreggiata a doppio senso;Asciutto;Asfaltata;Verticale ed orizzontale;Sereno;Normale;Buona;Ore Diurne;0;0;0;2;12.26671;41.73546;-1;1;Autovettura privata;In marcia / fermata / arresto;Conducente;F;Illeso;0;;;
2383290;13;25/05/2015 09:20;Strada Urbana;CORSO DUCA DI GENOVA;all'intersezione con;VIA FRANCESCO GRENET;VIA FRANCESCO GRENET;;;Scontro frontale fra veicoli in marcia;Incrocio;Una carreggiata a doppio senso;Asciutto;Asfaltata;Verticale ed orizzontale;Sereno;Normale;Buona;Ore Diurne;0;0;0;2;12.26671;41.73546;-1;2;Autovettura privata;In marcia / fermata / arresto;Conducente;F;Illeso;0;;;
2383302;8;25/05/2015 17:30;Strada Urbana;VIA ACQUARONI;in prossimità;;del civico n.;111;;Tamponamento;Rettilineo;Una carreggiata a doppio senso;Asciutto;Asfaltata;Verticale ed orizzontale;Nuvoloso;Normale;Buona;Ore Diurne;0;0;0;2;12.64597;41.86432;-1;1;Autocarro inferiore 35 q.;In marcia / fermata / arresto;Conducente;M;Illeso;0;;Non accertato;Inesploso
2383302;8;25/05/2015 17:30;Strada Urbana;VIA ACQUARONI;in prossimità;;del civico n.;111;;Tamponamento;Rettilineo;Una carreggiata a doppio senso;Asciutto;Asfaltata;Verticale ed orizzontale;Nuvoloso;Normale;Buona;Ore Diurne;0;0;0;2;12.64597;41.86432;-1;2;Autovettura privata;In marcia / fermata / arresto;Conducente;M;Illeso;0;;Non accertato;Inesploso
2383316;2;25/05/2015 08:30;Strada Urbana;CIRCONVALLAZIONE SALARIA;da specificare;;;;altezza Ponte Via Nomentana dir.ne S. Giovanni;Tamponamento Multiplo;Rettilineo;Due carreggiate;Asciutto;Asfaltata;Verticale ed orizzontale;Sereno;Normale;Sufficiente;Ore Diurne;2;0;0;2;12.52084;41.93446;-1;1;Autovettura privata;In marcia / fermata / arresto;Conducente;F;Illeso;0;;;
2383316;2;25/05/2015 08:30;Strada Urbana;CIRCONVALLAZIONE SALARIA;da specificare;;;;altezza Ponte Via Nomentana dir.ne S. Giovanni;Tamponamento Multiplo;Rettilineo;Due carreggiate;Asciutto;Asfaltata;Verticale ed orizzontale;Sereno;Normale;Sufficiente;Ore Diurne;2;0;0;2;12.52084;41.93446;-1;2;Autovettura privata;In marcia / fermata / arresto;Conducente;M;Rimandato;0;NON DECEDUTO;;
2383316;2;25/05/2015 08:30;Strada Urbana;CIRCONVALLAZIONE SALARIA;da specificare;;;;altezza Ponte Via Nomentana dir.ne S. Giovanni;Tamponamento Multiplo;Rettilineo;Due carreggiate;Asciutto;Asfaltata;Verticale ed orizzontale;Sereno;Normale;Sufficiente;Ore Diurne;2;0;0;2;12.52084;41.93446;-1;2;Autovettura privata;In marcia / fermata / arresto;Passeggero;F;Rimandato;0;NON DECEDUTO;Non accertato;
2383316;2;25/05/2015 08:30;Strada Urbana;CIRCONVALLAZIONE SALARIA;da specificare;;;;altezza Ponte Via Nomentana dir.ne S. Giovanni;Tamponamento Multiplo;Rettilineo;Due carreggiate;Asciutto;Asfaltata;Verticale ed orizzontale;Sereno;Normale;Sufficiente;Ore Diurne;2;0;0;2;12.52084;41.93446;-1;3;Autovettura privata;In marcia / fermata / arresto;Conducente;M;Illeso;0;;;
2383326;13;25/05/2015 10:00;Strada Urbana;VIA RUTILIO NAMAZIANO;da specificare;;;;in prossimità P.zza To San Michele;Veicolo in marcia contro veicolo in sosta;Rettilineo;Una carreggiata a senso unico di marcia;Asciutto;Asfaltata;Verticale ed orizzontale;Sereno;Normale;Buona;Ore Diurne;0;0;0;3;12.2751;41.73087;-1;1;Autovettura privata;In marcia / fermata / arresto;Conducente;M;Illeso;0;;Non accertato;Inesploso
2383326;13;25/05/2015 10:00;Strada Urbana;VIA RUTILIO NAMAZIANO;da specificare;;;;in prossimità P.zza To San Michele;Veicolo in marcia contro veicolo in sosta;Rettilineo;Una carreggiata a senso unico di marcia;Asciutto;Asfaltata;Verticale ed orizzontale;Sereno;Normale;Buona;Ore Diurne;0;0;0;3;12.2751;41.73087;-1;1;Autovettura privata;In marcia / fermata / arresto;Passeggero;M;Illeso;0;;Non accertato;Inesploso
2383326;13;25/05/2015 10:00;Strada Urbana;VIA RUTILIO NAMAZIANO;da specificare;;;;in prossimità P.zza To San Michele;Veicolo in marcia contro veicolo in sosta;Rettilineo;Una carreggiata a senso unico di marcia;Asciutto;Asfaltata;Verticale ed orizzontale;Sereno;Normale;Buona;Ore Diurne;0;0;0;3;12.2751;41.73087;-1;2;Autovettura privata;In marcia / fermata / arresto;Conducente;F;Illeso;0;;Non accertato;Inesploso
2383338;1;24/05/2015 01:40;Strada Urbana;VIA GIOVANNI GIOLITTI;in corrispondenza;;del civico n.;65;;Investimento di pedone;Rettilineo;Una carreggiata a senso unico di marcia;Asciutto;Asfaltata;Verticale ed orizzontale;Sereno;Scarso;Sufficiente;Sufficiente;0;0;0;2;12.50609;41.89715;-1;;;;Pedone;M;Illeso;0;;;
2383338;1;24/05/2015 01:40;Strada Urbana;VIA GIOVANNI GIOLITTI;in corrispondenza;;del civico n.;65;;Investimento di pedone;Rettilineo;Una carreggiata a senso unico di marcia;Asciutto;Asfaltata;Verticale ed orizzontale;Sereno;Scarso;Sufficiente;Sufficiente;0;0;0;2;12.50609;41.89715;-1;1;Autovettura privata;In marcia / fermata / arresto;Conducente;M;Illeso;0;;Non accertato;
2383339;20;26/05/2015 07:50;Strada Urbana;VIA DI VALLE MURICANA;all'intersezione con;VIA VERDELLO;VIA VERDELLO;;;Scontro laterale fra veicoli in marcia;Intersezione stradale segnalata;Una carreggiata a doppio senso;Asciutto;Asfaltata;Verticale ed orizzontale;Sereno;Normale;Buona;Ore Diurne;0;0;0;2;12.46918;42.02333;-1;1;Autovettura privata;In marcia / fermata / arresto;Conducente;F;Illeso;0;;;
2383339;20;26/05/2015 07:50;Strada Urbana;VIA DI VALLE MURICANA;all'intersezione con;VIA VERDELLO;VIA VERDELLO;;;Scontro laterale fra veicoli in marcia;Intersezione stradale segnalata;Una carreggiata a doppio senso;Asciutto;Asfaltata;Verticale ed orizzontale;Sereno;Normale;Buona;Ore Diurne;0;0;0;2;12.46918;42.02333;-1;2;Autovettura privata;In marcia / fermata / arresto;Conducente;M;Illeso;0;;;
2383342;6;25/05/2015 21:30;Strada Urbana;VIA DELLE CAVE DI PIETRALATA;in corrispondenza;;del civico n.;83/A;;Scontro laterale fra veicoli in marcia;Rettilineo;Una carreggiata a doppio senso;Asciutto;Asfaltata;Assente;Sereno;Scarso;Sufficiente;Sufficiente;2;0;0;2;12.5395;41.91127;-1;1;Autovettura privata;In marcia / fermata / arresto;Conducente;F;Illeso;0;;Utilizzato;
2383342;6;25/05/2015 21:30;Strada Urbana;VIA DELLE CAVE DI PIETRALATA;in corrispondenza;;del civico n.;83/A;;Scontro laterale fra veicoli in marcia;Rettilineo;Una carreggiata a doppio senso;Asciutto;Asfaltata;Assente;Sereno;Scarso;Sufficiente;Sufficiente;2;0;0;2;12.5395;41.91127;-1;1;Autovettura privata;In marcia / fermata / arresto;Passeggero;M;Illeso;0;;Non accertato;
2383342;6;25/05/2015 21:30;Strada Urbana;VIA DELLE CAVE DI PIETRALATA;in corrispondenza;;del civico n.;83/A;;Scontro laterale fra veicoli in marcia;Rettilineo;Una carreggiata a doppio senso;Asciutto;Asfaltata;Assente;Sereno;Scarso;Sufficiente;Sufficiente;2;0;0;2;12.5395;41.91127;-1;2;Motociclo con passeggero;In marcia / fermata / arresto;Conducente;M;Rifiuta cure immediate;0;NON DECEDUTO;;
2383342;6;25/05/2015 21:30;Strada Urbana;VIA DELLE CAVE DI PIETRALATA;in corrispondenza;;del civico n.;83/A;;Scontro laterale fra veicoli in marcia;Rettilineo;Una carreggiata a doppio senso;Asciutto;Asfaltata;Assente;Sereno;Scarso;Sufficiente;Sufficiente;2;0;0;2;12.5395;41.91127;-1;2;Motociclo con passeggero;In marcia / fermata / arresto;Passeggero;F;Rifiuta cure immediate;0;NON DECEDUTO;;
2383355;17;25/05/2015 10:15;Strada Urbana;VIALE DEI BASTIONI DI MICHELANGELO;da specificare;;;;in corrispondenza del fronte civ 25;Scontro laterale fra veicoli in marcia;Rettilineo;Una carreggiata a doppio senso;Asciutto;Asfaltata;Verticale ed orizzontale;Sereno;Normale;Buona;Ore Diurne;0;0;0;2;12.45671;41.90631;-1;1;Autovettura privata;In marcia / fermata / arresto;Conducente;M;Illeso;0;;Non accertato;Inesploso
2383355;17;25/05/2015 10:15;Strada Urbana;VIALE DEI BASTIONI DI MICHELANGELO;da specificare;;;;in corrispondenza del fronte civ 25;Scontro laterale fra veicoli in marcia;Rettilineo;Una carreggiata a doppio senso;Asciutto;Asfaltata;Verticale ed orizzontale;Sereno;Normale;Buona;Ore Diurne;0;0;0;2;12.45671;41.90631;-1;2;Autovettura privata;In marcia / fermata / arresto;Conducente;M;Illeso;0;;Non accertato;Inesploso
2383357;20;25/05/2015 13:55;Strada Urbana;VIA DEI COLLI DELLA FARNESINA;in prossimità;;del civico n.;212;;Scontro frontale/laterale SX fra veicoli in marcia;Curva senza visuale libera;Una carreggiata a doppio senso;Asciutto;Asfaltata;Orizzontale;Sereno;Normale;Buona;Ore Diurne;1;0;1;3;12.45434;41.94413;-1;1;Autovettura privata;In marcia / fermata / arresto;Conducente;M;Illeso;0;;Non accertato;Esploso
2383357;20;25/05/2015 13:55;Strada Urbana;VIA DEI COLLI DELLA FARNESINA;in prossimità;;del civico n.;212;;Scontro frontale/laterale SX fra veicoli in marcia;Curva senza visuale libera;Una carreggiata a doppio senso;Asciutto;Asfaltata;Orizzontale;Sereno;Normale;Buona;Ore Diurne;1;0;1;3;12.45434;41.94413;-1;1;Autovettura privata;In marcia / fermata / arresto;Passeggero;M;Illeso;0;;Non accertato;Esploso
2383357;20;25/05/2015 13:55;Strada Urbana;VIA DEI COLLI DELLA FARNESINA;in prossimità;;del civico n.;212;;Scontro frontale/laterale SX fra veicoli in marcia;Curva senza visuale libera;Una carreggiata a doppio senso;Asciutto;Asfaltata;Orizzontale;Sereno;Normale;Buona;Ore Diurne;1;0;1;3;12.45434;41.94413;-1;1;Autovettura privata;In marcia / fermata / arresto;Passeggero;M;Illeso;0;;Non accertato;Inesploso
2383357;20;25/05/2015 13:55;Strada Urbana;VIA DEI COLLI DELLA FARNESINA;in prossimità;;del civico n.;212;;Scontro frontale/laterale SX fra veicoli in marcia;Curva senza visuale libera;Una carreggiata a doppio senso;Asciutto;Asfaltata;Orizzontale;Sereno;Normale;Buona;Ore Diurne;1;0;1;3;12.45434;41.94413;-1;2;Autovettura privata;In marcia / fermata / arresto;Conducente;F;Ricoverato;0;NON DECEDUTO;Non accertato;Esploso
2383357;20;25/05/2015 13:55;Strada Urbana;VIA DEI COLLI DELLA FARNESINA;in prossimità;;del civico n.;212;;Scontro frontale/laterale SX fra veicoli in marcia;Curva senza visuale libera;Una carreggiata a doppio senso;Asciutto;Asfaltata;Orizzontale;Sereno;Normale;Buona;Ore Diurne;1;0;1;3;12.45434;41.94413;-1;2;Autovettura privata;In marcia / fermata / arresto;Passeggero;M;Ricoverato;0;DECEDUTO ENTRO 3 MESI;Non accertato;Esploso
2383360;1;23/05/2015 13:00;Strada Urbana;VIALE CASTRO PRETORIO;in corrispondenza;;del civico n.;57;;Veicolo in marcia contro ostacolo fisso;Curva a visuale libera;Una carreggiata a doppio senso;Asciutto;Asfaltata;Verticale ed orizzontale;Nuvoloso;Normale;Buona;Ore Diurne;1;0;0;0;12.50658;41.90427;-1;1;Motociclo a solo;In marcia / fermata / arresto;Conducente;M;Ricoverato;0;NON DECEDUTO;Non accertato;
2383367;12;25/05/2015 15:00;Strada Urbana;VIALE AFRICA;all'intersezione con;VIA DELLE MONTAGNE ROCCIOSE;VIA DELLE MONTAGNE ROCCIOSE;;;Scontro frontale/laterale SX fra veicoli in marcia;Incrocio;Una carreggiata a doppio senso;Asciutto;Asfaltata;Verticale ed orizzontale;Sereno;Normale;Buona;Ore Diurne;1;0;0;1;12.47405;41.82493;-1;1;Autovettura privata;In marcia / fermata / arresto;Conducente;M;Illeso;0;;Utilizzato;Inesploso
2383367;12;25/05/2015 15:00;Strada Urbana;VIALE AFRICA;all'intersezione con;VIA DELLE MONTAGNE ROCCIOSE;VIA DELLE MONTAGNE ROCCIOSE;;;Scontro frontale/laterale SX fra veicoli in marcia;Incrocio;Una carreggiata a doppio senso;Asciutto;Asfaltata;Verticale ed orizzontale;Sereno;Normale;Buona;Ore Diurne;1;0;0;1;12.47405;41.82493;-1;2;Ciclomotore;In marcia / fermata / arresto;Conducente;M;Rimandato;0;NON DECEDUTO;Utilizzato;
2383376;1;24/05/2015 12:00;Strada Urbana;VIA MERULANA;in prossimità;;del civico n.;124/B;;Veicolo in marcia contro veicolo arresto;Rettilineo;Una carreggiata a doppio senso;Asciutto;Asfaltata;Verticale ed orizzontale;Sereno;Normale;Buona;Ore Diurne;0;0;0;4;12.50408;41.88857;-1;1;Autovettura privata;In marcia / fermata / arresto;Conducente;F;Illeso;0;;Non accertato;
2383376;1;24/05/2015 12:00;Strada Urbana;VIA MERULANA;in prossimità;;del civico n.;124/B;;Veicolo in marcia contro veicolo arresto;Rettilineo;Una carreggiata a doppio senso;Asciutto;Asfaltata;Verticale ed orizzontale;Sereno;Normale;Buona;Ore Diurne;0;0;0;4;12.50408;41.88857;-1;1;Autovettura privata;In marcia / fermata / arresto;Passeggero;F;Illeso;0;;Non accertato;
2383376;1;24/05/2015 12:00;Strada Urbana;VIA MERULANA;in prossimità;;del civico n.;124/B;;Veicolo in marcia contro veicolo arresto;Rettilineo;Una carreggiata a doppio senso;Asciutto;Asfaltata;Verticale ed orizzontale;Sereno;Normale;Buona;Ore Diurne;0;0;0;4;12.50408;41.88857;-1;1;Autovettura privata;In marcia / fermata / arresto;Passeggero;M;Illeso;0;;Non accertato;
2383376;1;24/05/2015 12:00;Strada Urbana;VIA MERULANA;in prossimità;;del civico n.;124/B;;Veicolo in marcia contro veicolo arresto;Rettilineo;Una carreggiata a doppio senso;Asciutto;Asfaltata;Verticale ed orizzontale;Sereno;Normale;Buona;Ore Diurne;0;0;0;4;12.50408;41.88857;-1;2;Autovettura privata;In marcia / fermata / arresto;Conducente;F;Illeso;0;;Non accertato;
2383377;4;25/05/2015 08:40;Strada Urbana;VIA DELLA BUFALOTTA;in corrispondenza;;del civico n.;602;;Scontro frontale/laterale DX fra veicoli in marcia;Rettilineo;Una carreggiata a doppio senso;Asciutto;Asfaltata;Assente;Sereno;Intenso;Buona;Ore Diurne;1;0;0;1;12.54935;41.96531;-1;1;Autovettura privata;In marcia / fermata / arresto;Conducente;M;Illeso;0;;Non accertato;
2383377;4;25/05/2015 08:40;Strada Urbana;VIA DELLA BUFALOTTA;in corrispondenza;;del civico n.;602;;Scontro frontale/laterale DX fra veicoli in marcia;Rettilineo;Una carreggiata a doppio senso;Asciutto;Asfaltata;Assente;Sereno;Intenso;Buona;Ore Diurne;1;0;0;1;12.54935;41.96531;-1;2;Motociclo a solo;In marcia / fermata / arresto;Conducente;M;Rifiuta cure immediate;0;NON DECEDUTO;Non accertato;
2383380;2;25/05/2015 19:25;Strada Urbana;PIAZZALE CARDINAL CONSALVI;all'intersezione semaforizzata con;PONTE MILVIO;PONTE MILVIO;;;Scontro frontale/laterale SX fra veicoli in marcia;Intersezione semaforizzata;Due carreggiate;Asciutto;Asfaltata;Verticale ed orizzontale;Sereno;Normale;Buona;Ore Diurne;1;0;0;1;12.46732;41.93439;-1;1;Motociclo a solo;In marcia / fermata / arresto;Conducente;F;Rifiuta cure immediate;0;NON DECEDUTO;;
2383380;2;25/05/2015 19:25;Strada Urbana;PIAZZALE CARDINAL CONSALVI;all'intersezione semaforizzata con;PONTE MILVIO;PONTE MILVIO;;;Scontro frontale/laterale SX fra veicoli in marcia;Intersezione semaforizzata;Due carreggiate;Asciutto;Asfaltata;Verticale ed orizzontale;Sereno;Normale;Buona;Ore Diurne;1;0;0;1;12.46732;41.93439;-1;2;Autovettura privata;In marcia / fermata / arresto;Conducente;M;Illeso;0;;Non accertato;
2383382;2;26/05/2015 08:05;Strada Urbana;VIALE DELLE BELLE ARTI;da specificare;;;;altezza VIA FLAMINIA;Infortunio per sola frenata improvvisa;Curva a visuale libera;Una carreggiata a senso unico di marcia;Asciutto;Asfaltata;Verticale ed orizzontale;Sereno;Normale;Buona;Ore Diurne;0;0;0;3;12.47297;41.91889;-1;1;Motociclo a solo;In marcia / fermata / arresto;Conducente;F;Illeso;0;;Non accertato;
2383382;2;26/05/2015 08:05;Strada Urbana;VIALE DELLE BELLE ARTI;da specificare;;;;altezza VIA FLAMINIA;Infortunio per sola frenata improvvisa;Curva a visuale libera;Una carreggiata a senso unico di marcia;Asciutto;Asfaltata;Verticale ed orizzontale;Sereno;Normale;Buona;Ore Diurne;0;0;0;3;12.47297;41.91889;-1;2;Autovettura privata;In marcia / fermata / arresto;Conducente;F;Illeso;0;;;
2383382;2;26/05/2015 08:05;Strada Urbana;VIALE DELLE BELLE ARTI;da specificare;;;;altezza VIA FLAMINIA;Infortunio per sola frenata improvvisa;Curva a visuale libera;Una carreggiata a senso unico di marcia;Asciutto;Asfaltata;Verticale ed orizzontale;Sereno;Normale;Buona;Ore Diurne;0;0;0;3;12.47297;41.91889;-1;2;Autovettura privata;In marcia / fermata / arresto;Passeggero;F;Illeso;0;;;
2383384;16;26/05/2015 07:45;Strada Urbana;VIA DEI FELTRESCHI;all'intersezione con;VIA DEI CARRARESI;VIA DEI CARRARESI;;;Scontro laterale fra veicoli in marcia;Incrocio;Una carreggiata a senso unico di marcia;Asciutto;Asfaltata;Verticale;Sereno;Normale;Buona;Ore Diurne;0;0;0;2;12.42357;41.88366;-1;1;Autovettura privata;In marcia / fermata / arresto;Conducente;M;Illeso;0;;Non accertato;Inesploso
2383384;16;26/05/2015 07:45;Strada Urbana;VIA DEI FELTRESCHI;all'intersezione con;VIA DEI CARRARESI;VIA DEI CARRARESI;;;Scontro laterale fra veicoli in marcia;Incrocio;Una carreggiata a senso unico di marcia;Asciutto;Asfaltata;Verticale;Sereno;Normale;Buona;Ore Diurne;0;0;0;2;12.42357;41.88366;-1;2;Autovettura privata;In marcia / fermata / arresto;Conducente;F;Illeso;0;;Non accertato;Inesploso
2383389;2;25/05/2015 17:50;Strada Urbana;VIA SALARIA;in prossimità;;del civico n.;300;;Scontro laterale fra veicoli in marcia;Rettilineo;Una carreggiata a doppio senso;Asciutto;Asfaltata;Verticale ed orizzontale;Sereno;Scarso;Buona;Ore Diurne;1;0;0;2;12.50089;41.92129;-1;1;Autovettura privata;In marcia / fermata / arresto;Conducente;M;Illeso;0;;;
2383389;2;25/05/2015 17:50;Strada Urbana;VIA SALARIA;in prossimità;;del civico n.;300;;Scontro laterale fra veicoli in marcia;Rettilineo;Una carreggiata a doppio senso;Asciutto;Asfaltata;Verticale ed orizzontale;Sereno;Scarso;Buona;Ore Diurne;1;0;0;2;12.50089;41.92129;-1;2;Ciclomotore;In marcia / fermata / arresto;Conducente;M;Rimandato;0;NON DECEDUTO;;
2383389;2;25/05/2015 17:50;Strada Urbana;VIA SALARIA;in prossimità;;del civico n.;300;;Scontro laterale fra veicoli in marcia;Rettilineo;Una carreggiata a doppio senso;Asciutto;Asfaltata;Verticale ed orizzontale;Sereno;Scarso;Buona;Ore Diurne;1;0;0;2;12.50089;41.92129;-1;3;Autovettura privata;In marcia / fermata / arresto;Conducente;F;Illeso;0;;;
2383393;17;26/05/2015 08:30;Strada Urbana;VIA STEFANO PORCARI;in prossimità;;del civico n.;11:00 AM;;Investimento di pedone;Rettilineo;Una carreggiata a senso unico di marcia;Asciutto;Asfaltata;Verticale ed orizzontale;Sereno;Normale;Buona;Ore Diurne;1;0;0;1;12.46014;41.90531;-1;;;;Pedone;F;Ricoverato;0;NON DECEDUTO;;