Protocollo;Gruppo;DataOraIncidente;Localizzazione1;STRADA1;Localizzazione2;STRADA2;Strada02;Chilometrica;DaSpecificare;NaturaIncidente;particolaritastrade;TipoStrada;FondoStradale;Pavimentazione;Segnaletica;CondizioneAtmosferica;Traffico;Visibilita;Illuminazione;NUM_FERITI;NUM_RISERVATA;NUM_MORTI;NUM_ILLESI;Longitudine;Latitudine;Confermato;Progressivo;TipoVeicolo;StatoVeicolo;TipoPersona;Sesso;Tipolesione;Deceduto;DecedutoDopo;CinturaCascoUtilizzato;Airbag
2383393;17;26/05/2015 08:30;Strada Urbana;VIA STEFANO PORCARI;in prossimità;;del civico n.;11:00 AM;;Investimento di pedone;Rettilineo;Una carreggiata a senso unico di marcia;Asciutto;Asfaltata;Verticale ed orizzontale;Sereno;Normale;Buona;Ore Diurne;1;0;0;1;12.46014;41.90531;-1;1;Autocarro inferiore 35 q.;In marcia / fermata / arresto;Conducente;M;Illeso;0;;Non accertato;Inesploso
2383394;11;26/05/2015 08:40;Strada Urbana;VIALE ERMINIO SPALLA;in prossimità;;del civico n.;36;;Veicolo in marcia contro veicolo fermo;Rettilineo;Due carreggiate;Asciutto;Asfaltata;Verticale ed orizzontale;Nuvoloso;Normale;Buona;Ore Diurne;0;0;0;4;12.5135;41.83234;-1;1;Autovettura privata;In marcia / fermata / arresto;Conducente;F;Illeso;0;;Non accertato;Inesploso
2383394;11;26/05/2015 08:40;Strada Urbana;VIALE ERMINIO SPALLA;in prossimità;;del civico n.;36;;Veicolo in marcia contro veicolo fermo;Rettilineo;Due carreggiate;Asciutto;Asfaltata;Verticale ed orizzontale;Nuvoloso;Normale;Buona;Ore Diurne;0;0;0;4;12.5135;41.83234;-1;1;Autovettura privata;In marcia / fermata / arresto;Passeggero;M;Illeso;0;;Non accertato;Inesploso
2383394;11;26/05/2015 08:40;Strada Urbana;VIALE ERMINIO SPALLA;in prossimità;;del civico n.;36;;Veicolo in marcia contro veicolo fermo;Rettilineo;Due carreggiate;Asciutto;Asfaltata;Verticale ed orizzontale;Nuvoloso;Normale;Buona;Ore Diurne;0;0;0;4;12.5135;41.83234;-1;2;Autovettura privata;In marcia / fermata / arresto;Conducente;M;Illeso;0;;Non accertato;Inesploso
2383394;11;26/05/2015 08:40;Strada Urbana;VIALE ERMINIO SPALLA;in prossimità;;del civico n.;36;;Veicolo in marcia contro veicolo fermo;Rettilineo;Due carreggiate;Asciutto;Asfaltata;Verticale ed orizzontale;Nuvoloso;Normale;Buona;Ore Diurne;0;0;0;4;12.5135;41.83234;-1;2;Autovettura privata;In marcia / fermata / arresto;Passeggero;F;Illeso;0;;Non accertato;Inesploso
2383398;2;25/05/2015 22:55;Strada Urbana;VIA GIAMBATTISTA VICO;all'intersezione con;VIA DEGLI SCIALOJA;VIA DEGLI SCIALOJA;;;Scontro frontale/laterale DX fra veicoli in marcia;Incrocio;Una carreggiata a doppio senso;Asciutto;Asfaltata;Verticale ed orizzontale;Sereno;Scarso;Buona;Sufficiente;0;0;0;3;12.47423;41.91353;-1;1;Autovettura privata;In marcia / fermata / arresto;Conducente;M;Illeso;0;;Non accertato;
2383398;2;25/05/2015 22:55;Strada Urbana;VIA GIAMBATTISTA VICO;all'intersezione con;VIA DEGLI SCIALOJA;VIA DEGLI SCIALOJA;;;Scontro frontale/laterale DX fra veicoli in marcia;Incrocio;Una carreggiata a doppio senso;Asciutto;Asfaltata;Verticale ed orizzontale;Sereno;Scarso;Buona;Sufficiente;0;0;0;3;12.47423;41.91353;-1;1;Autovettura privata;In marcia / fermata / arresto;Passeggero;F;Illeso;0;;Non accertato;
2383398;2;25/05/2015 22:55;Strada Urbana;VIA GIAMBATTISTA VICO;all'intersezione con;VIA DEGLI SCIALOJA;VIA DEGLI SCIALOJA;;;Scontro frontale/laterale DX fra veicoli in marcia;Incrocio;Una carreggiata a doppio senso;Asciutto;Asfaltata;Verticale ed orizzontale;Sereno;Scarso;Buona;Sufficiente;0;0;0;3;12.47423;41.91353;-1;2;Autovettura privata;In marcia / fermata / arresto;Conducente;M;Illeso;0;;Utilizzato;
2383404;1;25/05/2015 12:30;Strada Urbana;RAMPA DEL SANGALLO;da specificare;;;;all'intersezione con la rotatoria;Scontro laterale fra veicoli in marcia;Rotatoria;Una carreggiata a senso unico di marcia;Asciutto;Asfaltata;Verticale ed orizzontale;Sereno;Scarso;Buona;Ore Diurne;0;0;0;3;12.46052;41.89975;-1;1;Autocaravan;In marcia / fermata / arresto;Conducente;M;Illeso;0;;Non accertato;
2383404;1;25/05/2015 12:30;Strada Urbana;RAMPA DEL SANGALLO;da specificare;;;;all'intersezione con la rotatoria;Scontro laterale fra veicoli in marcia;Rotatoria;Una carreggiata a senso unico di marcia;Asciutto;Asfaltata;Verticale ed orizzontale;Sereno;Scarso;Buona;Ore Diurne;0;0;0;3;12.46052;41.89975;-1;1;Autocaravan;In marcia / fermata / arresto;Passeggero;M;Illeso;0;;Non accertato;
2383404;1;25/05/2015 12:30;Strada Urbana;RAMPA DEL SANGALLO;da specificare;;;;all'intersezione con la rotatoria;Scontro laterale fra veicoli in marcia;Rotatoria;Una carreggiata a senso unico di marcia;Asciutto;Asfaltata;Verticale ed orizzontale;Sereno;Scarso;Buona;Ore Diurne;0;0;0;3;12.46052;41.89975;-1;2;Autobus di linea;In marcia / fermata / arresto;Conducente;F;Illeso;0;;Non accertato;
2383410;19;26/05/2015 08:50;Strada Urbana;PIAZZA CLEMENTE XI;all'intersezione con;VIA GIOVANNI X;VIA GIOVANNI X;;;Scontro laterale fra veicoli in marcia;Rotatoria;Una carreggiata a senso unico di marcia;Asciutto;Asfaltata;Verticale ed orizzontale;Sereno;Normale;Buona;Ore Diurne;0;0;0;2;12.41456;41.9141;-1;1;Autobus di linea;In marcia / fermata / arresto;Conducente;M;Illeso;0;;Non accertato;Inesistente
2383410;19;26/05/2015 08:50;Strada Urbana;PIAZZA CLEMENTE XI;all'intersezione con;VIA GIOVANNI X;VIA GIOVANNI X;;;Scontro laterale fra veicoli in marcia;Rotatoria;Una carreggiata a senso unico di marcia;Asciutto;Asfaltata;Verticale ed orizzontale;Sereno;Normale;Buona;Ore Diurne;0;0;0;2;12.41456;41.9141;-1;2;Autovettura privata;In marcia / fermata / arresto;Conducente;M;Illeso;0;;Non accertato;Inesploso
2383412;13;25/05/2015 10:30;Strada Urbana;VIA DELLA SALVIA;all'intersezione con;VIA DELLA VERBENA;VIA DELLA VERBENA;;;Scontro frontale/laterale DX fra veicoli in marcia;Intersezione stradale segnalata;Una carreggiata a senso unico di marcia;Asciutto;Asfaltata;Verticale ed orizzontale;Sereno;Scarso;Sufficiente;Ore Diurne;1;0;0;0;12.36214;41.78556;-1;1;Autovettura privata;In marcia / fermata / arresto;Conducente;F;Rimandato;0;NON DECEDUTO;;
2383416;18;25/05/2015 09:10;Strada Urbana;VIA GIOVANNI NOVELLI;in prossimità;;del civico n.;8;;Veicolo in marcia contro veicolo in sosta;Rettilineo;Una carreggiata a senso unico di marcia;Asciutto;Asfaltata;Verticale ed orizzontale;Sereno;Normale;Buona;Ore Diurne;0;0;0;1;12.42042;41.90091;-1;1;Autovettura privata;In marcia / fermata / arresto;Conducente;F;Illeso;0;;Non accertato;
2383443;7;26/05/2015 08:15;Strada Urbana;VIA COLLATINA;in prossimità;;del civico n.;218;;Tamponamento;Rettilineo;Una carreggiata a doppio senso;Asciutto;Asfaltata;Orizzontale;Sereno;Normale;Buona;Ore Diurne;0;0;0;1;12.58621;41.90356;-1;1;Motociclo a solo;In marcia / fermata / arresto;Conducente;M;Illeso;0;;Non accertato;
2383460;18;14/05/2015 07:50;Strada Urbana;VIA GARESSIO;in prossimità;;del civico n.;67;;Tamponamento Multiplo;Curva a visuale libera;Una carreggiata a doppio senso;Asciutto;Asfaltata;Verticale;Sereno;Normale;Buona;Ore Diurne;0;0;0;3;12.39398;41.89843;-1;1;Autovettura privata;In marcia / fermata / arresto;Conducente;M;Illeso;0;;Non accertato;Inesploso
2383460;18;14/05/2015 07:50;Strada Urbana;VIA GARESSIO;in prossimità;;del civico n.;67;;Tamponamento Multiplo;Curva a visuale libera;Una carreggiata a doppio senso;Asciutto;Asfaltata;Verticale;Sereno;Normale;Buona;Ore Diurne;0;0;0;3;12.39398;41.89843;-1;2;Autovettura privata;In marcia / fermata / arresto;Conducente;F;Illeso;0;;Non accertato;Inesploso
2383460;18;14/05/2015 07:50;Strada Urbana;VIA GARESSIO;in prossimità;;del civico n.;67;;Tamponamento Multiplo;Curva a visuale libera;Una carreggiata a doppio senso;Asciutto;Asfaltata;Verticale;Sereno;Normale;Buona;Ore Diurne;0;0;0;3;12.39398;41.89843;-1;3;Autovettura privata;In marcia / fermata / arresto;Conducente;M;Illeso;0;;Non accertato;Inesploso
2383467;12;23/05/2015 17:05;Strada Urbana;VIA CARMELO MAESTRINI;all'intersezione con;VIA PONTINA;VIA PONTINA;;;Scontro frontale/laterale SX fra veicoli in marcia;Incrocio;Più di due carreggiate;Asciutto;Asfaltata;Verticale ed orizzontale;Nuvoloso;Scarso;Buona;Ore Diurne;0;0;0;2;12.44645;41.79459;-1;1;Autobus di linea;In marcia / fermata / arresto;Conducente;M;Illeso;0;;Non accertato;Inesploso
2383467;12;23/05/2015 17:05;Strada Urbana;VIA CARMELO MAESTRINI;all'intersezione con;VIA PONTINA;VIA PONTINA;;;Scontro frontale/laterale SX fra veicoli in marcia;Incrocio;Più di due carreggiate;Asciutto;Asfaltata;Verticale ed orizzontale;Nuvoloso;Scarso;Buona;Ore Diurne;0;0;0;2;12.44645;41.79459;-1;2;Autovettura privata;In marcia / fermata / arresto;Conducente;F;Illeso;0;;Non accertato;Inesploso
2383472;3;25/05/2015 23:30;Strada Urbana;VIA TIBURTINA;in prossimità;;del civico n.;279 b;;Scontro frontale/laterale DX fra veicoli in marcia;Rettilineo;Più di due carreggiate;Asciutto;Asfaltata;Verticale ed orizzontale;Sereno;Scarso;Sufficiente;Sufficiente;2;0;0;0;12.52534;41.90807;-1;1;Motociclo a solo;In marcia / fermata / arresto;Conducente;M;Rimandato;0;NON DECEDUTO;Non accertato;
2383472;3;25/05/2015 23:30;Strada Urbana;VIA TIBURTINA;in prossimità;;del civico n.;279 b;;Scontro frontale/laterale DX fra veicoli in marcia;Rettilineo;Più di due carreggiate;Asciutto;Asfaltata;Verticale ed orizzontale;Sereno;Scarso;Sufficiente;Sufficiente;2;0;0;0;12.52534;41.90807;-1;2;Velocipede;In marcia / fermata / arresto;Conducente;M;Rimandato;0;NON DECEDUTO;Esente;
2383474;4;25/05/2015 11:00;Strada Urbana;PIAZZA MINUCCIANO;in prossimità;;del civico n.;33;;Veicolo in marcia contro veicolo in sosta;Rettilineo;Due carreggiate;Asciutto;Asfaltata;Verticale ed orizzontale;Sereno;Normale;Sufficiente;Ore Diurne;0;0;0;1;12.51435;41.95374;-1;1;Ciclomotore;In marcia / fermata / arresto;Conducente;F;Illeso;0;;Non accertato;
2383496;4;25/05/2015 08:28;Strada Urbana;VIA GIUSEPPE VALMARANA;in prossimità;;del civico n.;46;;Investimento di pedone;Rettilineo;Una carreggiata a doppio senso;Asciutto;Asfaltata;Orizzontale;Sereno;Normale;Buona;Ore Diurne;1;0;0;2;12.51673;41.9491;-1;;;;Pedone;F;Rimandato;0;NON DECEDUTO;;
2383496;4;25/05/2015 08:28;Strada Urbana;VIA GIUSEPPE VALMARANA;in prossimità;;del civico n.;46;;Investimento di pedone;Rettilineo;Una carreggiata a doppio senso;Asciutto;Asfaltata;Orizzontale;Sereno;Normale;Buona;Ore Diurne;1;0;0;2;12.51673;41.9491;-1;1;Autovettura privata;In marcia / fermata / arresto;Conducente;M;Illeso;0;;Non accertato;Inesploso
2383496;4;25/05/2015 08:28;Strada Urbana;VIA GIUSEPPE VALMARANA;in prossimità;;del civico n.;46;;Investimento di pedone;Rettilineo;Una carreggiata a doppio senso;Asciutto;Asfaltata;Orizzontale;Sereno;Normale;Buona;Ore Diurne;1;0;0;2;12.51673;41.9491;-1;1;Autovettura privata;In marcia / fermata / arresto;Passeggero;F;Illeso;0;;Non accertato;
2383507;18;24/05/2015 14:15;Strada Urbana;VIA DI TORREVECCHIA;in prossimità;;del civico n.;1035;;Investimento di pedone;Rettilineo;Una carreggiata a doppio senso;Asciutto;Asfaltata;Verticale ed orizzontale;Sereno;Scarso;Buona;Ore Diurne;1;0;0;0;12.40393;41.91272;-1;;;;Pedone;M;Rimandato;0;NON DECEDUTO;;
2383520;4;25/05/2015 08:50;Strada Urbana;VIA VALLE SCRIVIA;in prossimità;;del civico n.;28;;Scontro frontale/laterale SX fra veicoli in marcia;Rettilineo;Una carreggiata a senso unico di marcia;Asciutto;Asfaltata;Verticale ed orizzontale;Sereno;Normale;Buona;Ore Diurne;0;0;0;2;12.52761;41.94434;-1;1;Autovettura privata;In marcia / fermata / arresto;Conducente;F;Illeso;0;;Non accertato;Inesploso
2383520;4;25/05/2015 08:50;Strada Urbana;VIA VALLE SCRIVIA;in prossimità;;del civico n.;28;;Scontro frontale/laterale SX fra veicoli in marcia;Rettilineo;Una carreggiata a senso unico di marcia;Asciutto;Asfaltata;Verticale ed orizzontale;Sereno;Normale;Buona;Ore Diurne;0;0;0;2;12.52761;41.94434;-1;2;Autovettura privata;In marcia / fermata / arresto;Conducente;M;Illeso;0;;Non accertato;
2383524;10;26/05/2015 10:15;Strada Urbana;VIA TUSCOLANA;in corrispondenza;;del civico n.;597;;Investimento di pedone;Rettilineo;Più di due carreggiate;Asciutto;Asfaltata;Orizzontale;Sereno;Scarso;Buona;Ore Diurne;1;0;0;1;12.54878;41.86361;-1;;;;Pedone;M;Rimandato;0;NON DECEDUTO;;
2383524;10;26/05/2015 10:15;Strada Urbana;VIA TUSCOLANA;in corrispondenza;;del civico n.;597;;Investimento di pedone;Rettilineo;Più di due carreggiate;Asciutto;Asfaltata;Orizzontale;Sereno;Scarso;Buona;Ore Diurne;1;0;0;1;12.54878;41.86361;-1;1;Autovettura privata;In marcia / fermata / arresto;Conducente;M;Illeso;0;;Non accertato;Inesploso
2383525;20;25/05/2015 17:10;Regionale entro l'abitato;VIA CASSIA;all'intersezione con;VIA TRIONFALE;VIA TRIONFALE;;;Scontro laterale fra veicoli in marcia;Intersezione stradale segnalata;Una carreggiata a senso unico di marcia;Asciutto;Asfaltata;Verticale ed orizzontale;Sereno;Intenso;Buona;Ore Diurne;1;0;0;2;12.40712;41.98491;-1;1;Autovettura privata;In marcia / fermata / arresto;Conducente;M;Illeso;0;;Non accertato;Inesploso
2383525;20;25/05/2015 17:10;Regionale entro l'abitato;VIA CASSIA;all'intersezione con;VIA TRIONFALE;VIA TRIONFALE;;;Scontro laterale fra veicoli in marcia;Intersezione stradale segnalata;Una carreggiata a senso unico di marcia;Asciutto;Asfaltata;Verticale ed orizzontale;Sereno;Intenso;Buona;Ore Diurne;1;0;0;2;12.40712;41.98491;-1;1;Autovettura privata;In marcia / fermata / arresto;Passeggero;M;Illeso;0;;Non accertato;Inesploso
2383525;20;25/05/2015 17:10;Regionale entro l'abitato;VIA CASSIA;all'intersezione con;VIA TRIONFALE;VIA TRIONFALE;;;Scontro laterale fra veicoli in marcia;Intersezione stradale segnalata;Una carreggiata a senso unico di marcia;Asciutto;Asfaltata;Verticale ed orizzontale;Sereno;Intenso;Buona;Ore Diurne;1;0;0;2;12.40712;41.98491;-1;2;Motociclo a solo;In marcia / fermata / arresto;Conducente;M;Rimandato;0;NON DECEDUTO;Utilizzato;
2383534;4;25/05/2015 10:45;Strada Urbana;PIAZZA CIVITELLA PAGANICO;in corrispondenza;;del civico n.;12;;Scontro laterale fra veicoli in marcia;Rettilineo;Una carreggiata a senso unico di marcia;Asciutto;Asfaltata;Verticale ed orizzontale;Sereno;Normale;Buona;Ore Diurne;0;0;0;2;12.51574;41.95164;-1;1;Autovettura privata;In marcia / fermata / arresto;Conducente;M;Illeso;0;;Non accertato;
2383534;4;25/05/2015 10:45;Strada Urbana;PIAZZA CIVITELLA PAGANICO;in corrispondenza;;del civico n.;12;;Scontro laterale fra veicoli in marcia;Rettilineo;Una carreggiata a senso unico di marcia;Asciutto;Asfaltata;Verticale ed orizzontale;Sereno;Normale;Buona;Ore Diurne;0;0;0;2;12.51574;41.95164;-1;2;Autovettura privata;In marcia / fermata / arresto;Conducente;M;Illeso;0;;Non accertato;Inesploso
2383541;18;15/05/2015 14:00;Strada Urbana;VIALE DI VALLE AURELIA;in prossimità;;del civico n.;271;;Scontro frontale fra veicoli in marcia;Curva senza visuale libera;Una carreggiata a doppio senso;Asciutto;Asfaltata;Assente;Sereno;Scarso;Buona;Ore Diurne;0;0;0;3;12.43657;41.90563;-1;1;Autovettura privata;In marcia / fermata / arresto;Conducente;M;Illeso;0;;Non accertato;Inesploso
2383541;18;15/05/2015 14:00;Strada Urbana;VIALE DI VALLE AURELIA;in prossimità;;del civico n.;271;;Scontro frontale fra veicoli in marcia;Curva senza visuale libera;Una carreggiata a doppio senso;Asciutto;Asfaltata;Assente;Sereno;Scarso;Buona;Ore Diurne;0;0;0;3;12.43657;41.90563;-1;2;Autovettura pubblica;In marcia / fermata / arresto;Conducente;M;Illeso;0;;Non accertato;Inesploso
2383541;18;15/05/2015 14:00;Strada Urbana;VIALE DI VALLE AURELIA;in prossimità;;del civico n.;271;;Scontro frontale fra veicoli in marcia;Curva senza visuale libera;Una carreggiata a doppio senso;Asciutto;Asfaltata;Assente;Sereno;Scarso;Buona;Ore Diurne;0;0;0;3;12.43657;41.90563;-1;2;Autovettura pubblica;In marcia / fermata / arresto;Passeggero;F;Illeso;0;;Non accertato;Inesploso
2383555;1;24/05/2015 10:25;Strada Urbana;VIA DANDOLO;in prossimità;;del civico n.;51;;Veicolo in marcia contro veicoli in sosta;Curva senza visuale libera;Una carreggiata a doppio senso;Bagnato (pioggia);Asfaltata;Verticale ed orizzontale;Nuvoloso;Scarso;Buona;Ore Diurne;0;0;0;1;12.46634;41.88512;-1;1;Autovettura privata;In marcia / fermata / arresto;Conducente;F;Illeso;0;;Non accertato;
2383609;17;26/05/2015 11:00;Strada Urbana;VIALE GIUSEPPE MAZZINI;all'intersezione con;VIA GIOVANNI NICOTERA;VIA GIOVANNI NICOTERA;;;Scontro frontale/laterale DX fra veicoli in marcia;Intersezione stradale segnalata;Due carreggiate;Asciutto;Asfaltata;Verticale ed orizzontale;Sereno;Normale;Buona;Ore Diurne;1;0;0;2;12.46729;41.91736;-1;1;Autovettura privata;In marcia / fermata / arresto;Conducente;M;Illeso;0;;Non accertato;Inesploso
2383609;17;26/05/2015 11:00;Strada Urbana;VIALE GIUSEPPE MAZZINI;all'intersezione con;VIA GIOVANNI NICOTERA;VIA GIOVANNI NICOTERA;;;Scontro frontale/laterale DX fra veicoli in marcia;Intersezione stradale segnalata;Due carreggiate;Asciutto;Asfaltata;Verticale ed orizzontale;Sereno;Normale;Buona;Ore Diurne;1;0;0;2;12.46729;41.91736;-1;2;Autovettura privata;In marcia / fermata / arresto;Conducente;M;Illeso;0;;Non accertato;Inesploso
2383609;17;26/05/2015 11:00;Strada Urbana;VIALE GIUSEPPE MAZZINI;all'intersezione con;VIA GIOVANNI NICOTERA;VIA GIOVANNI NICOTERA;;;Scontro frontale/laterale DX fra veicoli in marcia;Intersezione stradale segnalata;Due carreggiate;Asciutto;Asfaltata;Verticale ed orizzontale;Sereno;Normale;Buona;Ore Diurne;1;0;0;2;12.46729;41.91736;-1;2;Autovettura privata;In marcia / fermata / arresto;Passeggero;M;Rimandato;0;NON DECEDUTO;Non accertato;Inesploso
2383647;20;26/05/2015 12:10;Strada Urbana;VIA FORNACE VIGNOLO;da specificare;;;;3° PALO A SX IN DIREZIONE LABARO;Scontro laterale fra veicoli in marcia;Cavalcavia;Una carreggiata a doppio senso;Asciutto;Asfaltata;Assente;Nuvoloso;Scarso;Buona;Ore Diurne;1;0;0;2;12.4992;41.98932;-1;1;Motociclo a solo;In marcia / fermata / arresto;Conducente;M;Rimandato;0;NON DECEDUTO;;
2383647;20;26/05/2015 12:10;Strada Urbana;VIA FORNACE VIGNOLO;da specificare;;;;3° PALO A SX IN DIREZIONE LABARO;Scontro laterale fra veicoli in marcia;Cavalcavia;Una carreggiata a doppio senso;Asciutto;Asfaltata;Assente;Nuvoloso;Scarso;Buona;Ore Diurne;1;0;0;2;12.4992;41.98932;-1;2;Autovettura privata;In marcia / fermata / arresto;Conducente;F;Illeso;0;;;
2383647;20;26/05/2015 12:10;Strada Urbana;VIA FORNACE VIGNOLO;da specificare;;;;3° PALO A SX IN DIREZIONE LABARO;Scontro laterale fra veicoli in marcia;Cavalcavia;Una carreggiata a doppio senso;Asciutto;Asfaltata;Assente;Nuvoloso;Scarso;Buona;Ore Diurne;1;0;0;2;12.4992;41.98932;-1;2;Autovettura privata;In marcia / fermata / arresto;Passeggero;F;Illeso;0;;;
2383654;19;26/05/2015 10:05;Strada Urbana;VIA GIUSEPPE TAVERNA;da specificare;;;;in prossimità di Via Trionfale;Tamponamento;Rettilineo;Una carreggiata a doppio senso;Asciutto;Asfaltata;Verticale ed orizzontale;Sereno;Normale;Buona;Ore Diurne;0;0;0;1;12.42707;41.93777;-1;1;Autovettura privata;In marcia / fermata / arresto;Conducente;M;Illeso;0;;Non accertato;Inesploso
2383655;19;26/05/2015 11:40;Strada Urbana;VIA ALFREDO FUSCO;all'intersezione con;VIA ATHOS AMMANNATO;VIA ATHOS AMMANNATO;;;Scontro frontale fra veicoli in marcia;Incrocio;Una carreggiata a doppio senso;Asciutto;Asfaltata;Assente;Sereno;Scarso;Buona;Ore Diurne;1;0;0;1;12.43757;41.92273;-1;1;Autovettura privata;In marcia / fermata / arresto;Conducente;F;Illeso;0;;Non accertato;Inesploso
2383655;19;26/05/2015 11:40;Strada Urbana;VIA ALFREDO FUSCO;all'intersezione con;VIA ATHOS AMMANNATO;VIA ATHOS AMMANNATO;;;Scontro frontale fra veicoli in marcia;Incrocio;Una carreggiata a doppio senso;Asciutto;Asfaltata;Assente;Sereno;Scarso;Buona;Ore Diurne;1;0;0;1;12.43757;41.92273;-1;2;Motociclo a solo;In marcia / fermata / arresto;Conducente;M;Rifiuta cure immediate;0;NON DECEDUTO;Utilizzato;
2383768;16;25/05/2015 16:00;Strada Urbana;PIAZZA DI S. PANCRAZIO;all'intersezione con;VIALE DI VILLA PAMPHILI;VIALE DI VILLA PAMPHILI;;;Scontro frontale/laterale DX fra veicoli in marcia;Rotatoria;Una carreggiata a senso unico di marcia;Asciutto;Asfaltata;Verticale ed orizzontale;Sereno;Normale;Buona;Ore Diurne;0;0;0;3;12.45595;41.88513;-1;1;Autovettura pubblica;In marcia / fermata / arresto;Conducente;M;Illeso;0;;Non accertato;Inesploso
2383768;16;25/05/2015 16:00;Strada Urbana;PIAZZA DI S. PANCRAZIO;all'intersezione con;VIALE DI VILLA PAMPHILI;VIALE DI VILLA PAMPHILI;;;Scontro frontale/laterale DX fra veicoli in marcia;Rotatoria;Una carreggiata a senso unico di marcia;Asciutto;Asfaltata;Verticale ed orizzontale;Sereno;Normale;Buona;Ore Diurne;0;0;0;3;12.45595;41.88513;-1;2;Autovettura privata;In marcia / fermata / arresto;Conducente;M;Illeso;0;;Non accertato;Inesploso
2383768;16;25/05/2015 16:00;Strada Urbana;PIAZZA DI S. PANCRAZIO;all'intersezione con;VIALE DI VILLA PAMPHILI;VIALE DI VILLA PAMPHILI;;;Scontro frontale/laterale DX fra veicoli in marcia;Rotatoria;Una carreggiata a senso unico di marcia;Asciutto;Asfaltata;Verticale ed orizzontale;Sereno;Normale;Buona;Ore Diurne;0;0;0;3;12.45595;41.88513;-1;2;Autovettura privata;In marcia / fermata / arresto;Passeggero;F;Illeso;0;;Non accertato;Inesploso
2383769;20;26/05/2015 12:05;Strada Urbana;VIA SAN DANIELE DEL FRIULI;in prossimità;;del civico n.;12;;Scontro frontale/laterale DX fra veicoli in marcia;Rotatoria;Una carreggiata a senso unico di marcia;Asciutto;Asfaltata;Assente;Sereno;Scarso;Buona;Ore Diurne;0;0;0;2;12.48218;41.99643;-1;1;Autobus di linea;In marcia / fermata / arresto;Conducente;M;Illeso;0;;Non accertato;Inesistente
2383769;20;26/05/2015 12:05;Strada Urbana;VIA SAN DANIELE DEL FRIULI;in prossimità;;del civico n.;12;;Scontro frontale/laterale DX fra veicoli in marcia;Rotatoria;Una carreggiata a senso unico di marcia;Asciutto;Asfaltata;Assente;Sereno;Scarso;Buona;Ore Diurne;0;0;0;2;12.48218;41.99643;-1;2;Autocarro inferiore 35 q.;In marcia / fermata / arresto;Conducente;F;Illeso;0;;Non accertato;Inesploso
2383809;26;20/05/2015 17:05;Strada Urbana;VIA DI S. MARCO;in prossimità;;del civico n.;3;;Infortunio per caduta del veicolo;Curva a visuale libera;Una carreggiata a senso unico di marcia;Bagnato (umidità in atto);Acciotolata;Verticale;Nuvoloso;Normale;Buona;Ore Diurne;2;0;0;0;12.48055;41.89513;-1;1;Motociclo con passeggero;In marcia / fermata / arresto;Conducente;M;Rimandato;0;NON DECEDUTO;;
2383809;26;20/05/2015 17:05;Strada Urbana;VIA DI S. MARCO;in prossimità;;del civico n.;3;;Infortunio per caduta del veicolo;Curva a visuale libera;Una carreggiata a senso unico di marcia;Bagnato (umidità in atto);Acciotolata;Verticale;Nuvoloso;Normale;Buona;Ore Diurne;2;0;0;0;12.48055;41.89513;-1;1;Motociclo con passeggero;In marcia / fermata / arresto;Passeggero;F;Rimandato;0;NON DECEDUTO;;
2383833;16;22/05/2015 20:30;Strada Urbana;VIA MARCELLO PIACENTINI;in corrispondenza;;del civico n.;9;;Veicolo in marcia contro ostacolo accidentale;Curva a visuale libera;Una carreggiata a senso unico di marcia;Bagnato (pioggia);Asfaltata;Verticale ed orizzontale;Pioggia in atto;Scarso;Buona;Sufficiente;0;0;0;1;12.41157;41.86949;-1;1;Motociclo a solo;In marcia / fermata / arresto;Conducente;F;Illeso;0;;;
2383858;10;26/05/2015 15:00;Strada Urbana;CIRCONVALLAZIONE TUSCOLANA;all'intersezione con;VIA QUINTILIO VARO;VIA QUINTILIO VARO;;;Scontro laterale fra veicoli in marcia;Incrocio;Due carreggiate;Asciutto;Asfaltata;Verticale ed orizzontale;Sereno;Normale;Buona;Ore Diurne;0;0;0;2;12.56864;41.85141;-1;1;Autovettura privata;In marcia / fermata / arresto;Conducente;M;Illeso;0;;Non accertato;Inesploso
2383858;10;26/05/2015 15:00;Strada Urbana;CIRCONVALLAZIONE TUSCOLANA;all'intersezione con;VIA QUINTILIO VARO;VIA QUINTILIO VARO;;;Scontro laterale fra veicoli in marcia;Incrocio;Due carreggiate;Asciutto;Asfaltata;Verticale ed orizzontale;Sereno;Normale;Buona;Ore Diurne;0;0;0;2;12.56864;41.85141;-1;2;Autobus urbano;In marcia / fermata / arresto;Conducente;M;Illeso;0;;Esente;Inesistente
2383862;20;26/05/2015 15:20;Strada Urbana;VIALE DI TOR DI QUINTO;in prossimità;;del civico n.;19;;Tamponamento Multiplo;Rettilineo;Una carreggiata a doppio senso;Asciutto;Asfaltata;Verticale ed orizzontale;Sereno;Intenso;Buona;Ore Diurne;4;0;0;3;12.46733;41.93722;-1;1;Autovettura privata;In marcia / fermata / arresto;Conducente;F;Rifiuta cure immediate;0;NON DECEDUTO;Non accertato;Inesploso
2383862;20;26/05/2015 15:20;Strada Urbana;VIALE DI TOR DI QUINTO;in prossimità;;del civico n.;19;;Tamponamento Multiplo;Rettilineo;Una carreggiata a doppio senso;Asciutto;Asfaltata;Verticale ed orizzontale;Sereno;Intenso;Buona;Ore Diurne;4;0;0;3;12.46733;41.93722;-1;2;Autovettura privata;In marcia / fermata / arresto;Conducente;M;Illeso;0;;Non accertato;Inesploso