Protocollo;Gruppo;DataOraIncidente;Localizzazione1;STRADA1;Localizzazione2;STRADA2;Strada02;Chilometrica;DaSpecificare;NaturaIncidente;particolaritastrade;TipoStrada;FondoStradale;Pavimentazione;Segnaletica;CondizioneAtmosferica;Traffico;Visibilita;Illuminazione;NUM_FERITI;NUM_RISERVATA;NUM_MORTI;NUM_ILLESI;Longitudine;Latitudine;Confermato;Progressivo;TipoVeicolo;StatoVeicolo;TipoPersona;Sesso;Tipolesione;Deceduto;DecedutoDopo;CinturaCascoUtilizzato;Airbag
2389976;3;29/05/2015 20:10;Strada Urbana;VIA DEI MARRUCINI;all'intersezione con;VIA DEGLI IRPINI;VIA DEGLI IRPINI;;;Scontro frontale/laterale SX fra veicoli in marcia;Intersezione non regolata/non segnalata;Una carreggiata a senso unico di marcia;Asciutto;Asfaltata;Verticale;Sereno;Scarso;Sufficiente;Ore Diurne;1;0;0;1;12.51329;41.90064;-1;2;Velocipede;In marcia / fermata / arresto;Conducente;M;Rimandato;0;NON DECEDUTO;Esente;
2389978;3;31/05/2015 14:30;Strada Urbana;CIRCONVALLAZIONE TIBURTINA;da specificare;;;;uscitaa NCI stazione tiburtina;Veicolo in marcia contro ostacolo fisso;Curva a visuale libera;Una carreggiata a senso unico di marcia;Asciutto;Asfaltata;Verticale ed orizzontale;Sereno;Normale;Buona;Ore Diurne;1;0;0;0;12.52804;41.89941;-1;1;Autovettura privata;In marcia / fermata / arresto;Conducente;F;Rimandato;0;NON DECEDUTO;Non accertato;Esploso
2389986;4;30/05/2015 14:40;Strada Urbana;VIA NOMENTANA;all'intersezione con;VIA MONTASIO;VIA MONTASIO;;;Scontro laterale fra veicoli in marcia;Incrocio;Una carreggiata a doppio senso;Asciutto;Asfaltata;Verticale ed orizzontale;Sereno;Scarso;Buona;Ore Diurne;1;0;0;1;12.58026;41.95765;-1;1;Autovettura privata;In marcia / fermata / arresto;Conducente;F;Illeso;0;;Non accertato;Inesploso
2389986;4;30/05/2015 14:40;Strada Urbana;VIA NOMENTANA;all'intersezione con;VIA MONTASIO;VIA MONTASIO;;;Scontro laterale fra veicoli in marcia;Incrocio;Una carreggiata a doppio senso;Asciutto;Asfaltata;Verticale ed orizzontale;Sereno;Scarso;Buona;Ore Diurne;1;0;0;1;12.58026;41.95765;-1;2;Motociclo a solo;In marcia / fermata / arresto;Conducente;M;Rimandato;0;NON DECEDUTO;Non accertato;
2389990;4;31/05/2015 09:50;Strada Urbana;VIALE JONIO;da specificare;;;;fronte civico 312;Scontro laterale fra veicoli in marcia;Rettilineo;Due carreggiate;Asciutto;Asfaltata;Verticale ed orizzontale;Sereno;Normale;Buona;Ore Diurne;0;0;0;6;12.53666;41.94396;-1;1;Autovettura privata;In marcia / fermata / arresto;Conducente;M;Illeso;0;;Non accertato;
2389990;4;31/05/2015 09:50;Strada Urbana;VIALE JONIO;da specificare;;;;fronte civico 312;Scontro laterale fra veicoli in marcia;Rettilineo;Due carreggiate;Asciutto;Asfaltata;Verticale ed orizzontale;Sereno;Normale;Buona;Ore Diurne;0;0;0;6;12.53666;41.94396;-1;1;Autovettura privata;In marcia / fermata / arresto;Passeggero;M;Illeso;0;;Non accertato;
2389990;4;31/05/2015 09:50;Strada Urbana;VIALE JONIO;da specificare;;;;fronte civico 312;Scontro laterale fra veicoli in marcia;Rettilineo;Due carreggiate;Asciutto;Asfaltata;Verticale ed orizzontale;Sereno;Normale;Buona;Ore Diurne;0;0;0;6;12.53666;41.94396;-1;1;Autovettura privata;In marcia / fermata / arresto;Passeggero;F;Illeso;0;;Non accertato;
2389990;4;31/05/2015 09:50;Strada Urbana;VIALE JONIO;da specificare;;;;fronte civico 312;Scontro laterale fra veicoli in marcia;Rettilineo;Due carreggiate;Asciutto;Asfaltata;Verticale ed orizzontale;Sereno;Normale;Buona;Ore Diurne;0;0;0;6;12.53666;41.94396;-1;1;Autovettura privata;In marcia / fermata / arresto;Passeggero;F;Illeso;0;;Non accertato;
2389990;4;31/05/2015 09:50;Strada Urbana;VIALE JONIO;da specificare;;;;fronte civico 312;Scontro laterale fra veicoli in marcia;Rettilineo;Due carreggiate;Asciutto;Asfaltata;Verticale ed orizzontale;Sereno;Normale;Buona;Ore Diurne;0;0;0;6;12.53666;41.94396;-1;2;Altro;In marcia / fermata / arresto;Conducente;M;Illeso;0;;Non accertato;
2389990;4;31/05/2015 09:50;Strada Urbana;VIALE JONIO;da specificare;;;;fronte civico 312;Scontro laterale fra veicoli in marcia;Rettilineo;Due carreggiate;Asciutto;Asfaltata;Verticale ed orizzontale;Sereno;Normale;Buona;Ore Diurne;0;0;0;6;12.53666;41.94396;-1;2;Altro;In marcia / fermata / arresto;Passeggero;M;Illeso;0;;;
2390017;12;30/05/2015 03:30;Strada Urbana;VIALE DEI ROMAGNOLI;all'intersezione con;VIA DI DRAGONE;VIA DI DRAGONE;;;Scontro laterale fra veicoli in marcia;Incrocio;Una carreggiata a doppio senso;Asciutto;Asfaltata;Verticale ed orizzontale;Sereno;Scarso;Buona;Sufficiente;0;0;0;5;12.32203;41.76901;-1;1;Autovettura privata;In marcia / fermata / arresto;Conducente;M;Illeso;0;;Utilizzato;Inesploso
2390017;12;30/05/2015 03:30;Strada Urbana;VIALE DEI ROMAGNOLI;all'intersezione con;VIA DI DRAGONE;VIA DI DRAGONE;;;Scontro laterale fra veicoli in marcia;Incrocio;Una carreggiata a doppio senso;Asciutto;Asfaltata;Verticale ed orizzontale;Sereno;Scarso;Buona;Sufficiente;0;0;0;5;12.32203;41.76901;-1;1;Autovettura privata;In marcia / fermata / arresto;Passeggero;M;Illeso;0;;Utilizzato;Inesploso
2390017;12;30/05/2015 03:30;Strada Urbana;VIALE DEI ROMAGNOLI;all'intersezione con;VIA DI DRAGONE;VIA DI DRAGONE;;;Scontro laterale fra veicoli in marcia;Incrocio;Una carreggiata a doppio senso;Asciutto;Asfaltata;Verticale ed orizzontale;Sereno;Scarso;Buona;Sufficiente;0;0;0;5;12.32203;41.76901;-1;1;Autovettura privata;In marcia / fermata / arresto;Passeggero;M;Illeso;0;;Utilizzato;Inesploso
2390017;12;30/05/2015 03:30;Strada Urbana;VIALE DEI ROMAGNOLI;all'intersezione con;VIA DI DRAGONE;VIA DI DRAGONE;;;Scontro laterale fra veicoli in marcia;Incrocio;Una carreggiata a doppio senso;Asciutto;Asfaltata;Verticale ed orizzontale;Sereno;Scarso;Buona;Sufficiente;0;0;0;5;12.32203;41.76901;-1;2;Autovettura privata;In marcia / fermata / arresto;Conducente;M;Illeso;0;;Utilizzato;Inesploso
2390017;12;30/05/2015 03:30;Strada Urbana;VIALE DEI ROMAGNOLI;all'intersezione con;VIA DI DRAGONE;VIA DI DRAGONE;;;Scontro laterale fra veicoli in marcia;Incrocio;Una carreggiata a doppio senso;Asciutto;Asfaltata;Verticale ed orizzontale;Sereno;Scarso;Buona;Sufficiente;0;0;0;5;12.32203;41.76901;-1;2;Autovettura privata;In marcia / fermata / arresto;Passeggero;F;Illeso;0;;Utilizzato;Inesploso
2390062;12;31/05/2015 13:00;Strada Urbana;VIA DEL MARE;all'intersezione con;VIA DELL'IPPICA;VIA DELL'IPPICA;;;Scontro frontale/laterale SX fra veicoli in marcia;Intersezione semaforizzata;Due carreggiate;Asciutto;Asfaltata;Verticale ed orizzontale;Sereno;Scarso;Buona;Ore Diurne;1;0;0;2;12.43595;41.81972;-1;1;Autovettura privata;In marcia / fermata / arresto;Conducente;M;Rimandato;0;NON DECEDUTO;Utilizzato;Esploso
2390062;12;31/05/2015 13:00;Strada Urbana;VIA DEL MARE;all'intersezione con;VIA DELL'IPPICA;VIA DELL'IPPICA;;;Scontro frontale/laterale SX fra veicoli in marcia;Intersezione semaforizzata;Due carreggiate;Asciutto;Asfaltata;Verticale ed orizzontale;Sereno;Scarso;Buona;Ore Diurne;1;0;0;2;12.43595;41.81972;-1;2;Autovettura privata;In marcia / fermata / arresto;Conducente;M;Illeso;0;;Utilizzato;Esploso
2390062;12;31/05/2015 13:00;Strada Urbana;VIA DEL MARE;all'intersezione con;VIA DELL'IPPICA;VIA DELL'IPPICA;;;Scontro frontale/laterale SX fra veicoli in marcia;Intersezione semaforizzata;Due carreggiate;Asciutto;Asfaltata;Verticale ed orizzontale;Sereno;Scarso;Buona;Ore Diurne;1;0;0;2;12.43595;41.81972;-1;2;Autovettura privata;In marcia / fermata / arresto;Passeggero;F;Illeso;0;;Utilizzato;Esploso
2390065;4;31/05/2015 13:30;Strada Urbana;VIA WANDA OSIRIS;all'intersezione con;VIA ALBERTO LIONELLO;VIA ALBERTO LIONELLO;;;Scontro laterale fra veicoli in marcia;Incrocio;Una carreggiata a doppio senso;Asciutto;Asfaltata;Verticale ed orizzontale;Sereno;Normale;Buona;Ore Diurne;0;0;0;2;12.53822;41.97242;-1;1;Autovettura privata;In marcia / fermata / arresto;Conducente;M;Illeso;0;;Non accertato;
2390065;4;31/05/2015 13:30;Strada Urbana;VIA WANDA OSIRIS;all'intersezione con;VIA ALBERTO LIONELLO;VIA ALBERTO LIONELLO;;;Scontro laterale fra veicoli in marcia;Incrocio;Una carreggiata a doppio senso;Asciutto;Asfaltata;Verticale ed orizzontale;Sereno;Normale;Buona;Ore Diurne;0;0;0;2;12.53822;41.97242;-1;2;Autovettura privata;In marcia / fermata / arresto;Conducente;F;Illeso;0;;Non accertato;
2390084;4;31/05/2015 11:10;Strada Urbana;VIA RENATO FUCINI;all'intersezione semaforizzata con;VIA LUIGI CAPUANA;VIA LUIGI CAPUANA;;;Scontro frontale/laterale SX fra veicoli in marcia;Intersezione semaforizzata;Due carreggiate;Asciutto;Asfaltata;Verticale ed orizzontale;Sereno;Normale;Buona;Ore Diurne;1;0;0;1;12.54896;41.95063;-1;1;Autovettura privata;In marcia / fermata / arresto;Conducente;F;Illeso;0;;Non accertato;
2390084;4;31/05/2015 11:10;Strada Urbana;VIA RENATO FUCINI;all'intersezione semaforizzata con;VIA LUIGI CAPUANA;VIA LUIGI CAPUANA;;;Scontro frontale/laterale SX fra veicoli in marcia;Intersezione semaforizzata;Due carreggiate;Asciutto;Asfaltata;Verticale ed orizzontale;Sereno;Normale;Buona;Ore Diurne;1;0;0;1;12.54896;41.95063;-1;2;Velocipede;In marcia / fermata / arresto;Conducente;M;Rimandato;0;NON DECEDUTO;Esente;
2390087;12;30/05/2015 09:00;Strada Urbana;VIALE AURELIO GALLEPPINI;da specificare;;;;7/11 ( interno parcheggio Maury'S);Scontro frontale fra veicoli in marcia;Rettilineo;Una carreggiata a senso unico di marcia;Asciutto;Asfaltata;Verticale ed orizzontale;Sereno;Scarso;Buona;Ore Diurne;0;0;0;3;12.42616;41.79988;-1;1;Autovettura privata;In marcia / fermata / arresto;Conducente;F;Illeso;0;;Utilizzato;Inesploso
2390087;12;30/05/2015 09:00;Strada Urbana;VIALE AURELIO GALLEPPINI;da specificare;;;;7/11 ( interno parcheggio Maury'S);Scontro frontale fra veicoli in marcia;Rettilineo;Una carreggiata a senso unico di marcia;Asciutto;Asfaltata;Verticale ed orizzontale;Sereno;Scarso;Buona;Ore Diurne;0;0;0;3;12.42616;41.79988;-1;1;Autovettura privata;In marcia / fermata / arresto;Passeggero;M;Illeso;0;;Utilizzato;Inesploso
2390087;12;30/05/2015 09:00;Strada Urbana;VIALE AURELIO GALLEPPINI;da specificare;;;;7/11 ( interno parcheggio Maury'S);Scontro frontale fra veicoli in marcia;Rettilineo;Una carreggiata a senso unico di marcia;Asciutto;Asfaltata;Verticale ed orizzontale;Sereno;Scarso;Buona;Ore Diurne;0;0;0;3;12.42616;41.79988;-1;2;Autovettura privata;In marcia / fermata / arresto;Conducente;F;Illeso;0;;Utilizzato;Inesploso
2390105;4;31/05/2015 19:10;Strada Urbana;VIA DEI PRATI FISCALI;da specificare;;;;fronte civico 257;Veicolo in marcia contro ostacolo accidentale;Rettilineo;Una carreggiata a senso unico di marcia;Asciutto;Asfaltata;Verticale ed orizzontale;Sereno;Normale;Buona;Ore Diurne;0;0;0;1;12.5161;41.94608;-1;1;Autovettura privata;In marcia / fermata / arresto;Conducente;M;Illeso;0;;Non accertato;
2390123;12;31/05/2015 16:00;Strada Urbana;VIALE EGEO;all'intersezione semaforizzata con;VIA MONTE DEL FINOCCHIO;VIA MONTE DEL FINOCCHIO;;;Scontro frontale/laterale SX fra veicoli in marcia;Intersezione semaforizzata;Due carreggiate;Asciutto;Asfaltata;Verticale ed orizzontale;Sereno;Normale;Buona;Ore Diurne;0;0;0;3;12.45689;41.83226;-1;1;Motociclo a solo;In marcia / fermata / arresto;Conducente;M;Illeso;0;;Utilizzato;
2390123;12;31/05/2015 16:00;Strada Urbana;VIALE EGEO;all'intersezione semaforizzata con;VIA MONTE DEL FINOCCHIO;VIA MONTE DEL FINOCCHIO;;;Scontro frontale/laterale SX fra veicoli in marcia;Intersezione semaforizzata;Due carreggiate;Asciutto;Asfaltata;Verticale ed orizzontale;Sereno;Normale;Buona;Ore Diurne;0;0;0;3;12.45689;41.83226;-1;2;Autovettura privata;In marcia / fermata / arresto;Conducente;F;Illeso;0;;Utilizzato;Inesploso
2390123;12;31/05/2015 16:00;Strada Urbana;VIALE EGEO;all'intersezione semaforizzata con;VIA MONTE DEL FINOCCHIO;VIA MONTE DEL FINOCCHIO;;;Scontro frontale/laterale SX fra veicoli in marcia;Intersezione semaforizzata;Due carreggiate;Asciutto;Asfaltata;Verticale ed orizzontale;Sereno;Normale;Buona;Ore Diurne;0;0;0;3;12.45689;41.83226;-1;2;Autovettura privata;In marcia / fermata / arresto;Passeggero;F;Illeso;0;;Utilizzato;Inesploso
2390128;17;29/05/2015 13:00;Strada Urbana;VIA FRANCESCO CARACCIOLO;in corrispondenza;;del civico n.;4;;Tamponamento;Rettilineo;Una carreggiata a senso unico di marcia;Asciutto;Asfaltata;Verticale ed orizzontale;Sereno;Normale;Buona;Ore Diurne;0;0;0;2;12.45015;41.90823;-1;1;Autovettura privata;In marcia / fermata / arresto;Conducente;M;Illeso;0;;Non accertato;
2390128;17;29/05/2015 13:00;Strada Urbana;VIA FRANCESCO CARACCIOLO;in corrispondenza;;del civico n.;4;;Tamponamento;Rettilineo;Una carreggiata a senso unico di marcia;Asciutto;Asfaltata;Verticale ed orizzontale;Sereno;Normale;Buona;Ore Diurne;0;0;0;2;12.45015;41.90823;-1;2;Autocarro inferiore 35 q.;In marcia / fermata / arresto;Conducente;M;Illeso;0;;Non accertato;
2390149;12;31/05/2015 16:30;Strada Urbana;VIA DI MEZZOCAMMINO;all'intersezione con;VIA ALFONSINE;VIA ALFONSINE;;;Scontro frontale/laterale SX fra veicoli in marcia;Incrocio;Due carreggiate;Asciutto;Asfaltata;Verticale ed orizzontale;Sereno;Normale;Buona;Ore Diurne;2;0;0;3;12.43536;41.78812;-1;1;Autovettura privata;In marcia / fermata / arresto;Conducente;F;Illeso;0;;Utilizzato;Inesploso
2390149;12;31/05/2015 16:30;Strada Urbana;VIA DI MEZZOCAMMINO;all'intersezione con;VIA ALFONSINE;VIA ALFONSINE;;;Scontro frontale/laterale SX fra veicoli in marcia;Incrocio;Due carreggiate;Asciutto;Asfaltata;Verticale ed orizzontale;Sereno;Normale;Buona;Ore Diurne;2;0;0;3;12.43536;41.78812;-1;1;Autovettura privata;In marcia / fermata / arresto;Passeggero;F;Illeso;0;;Utilizzato;Inesploso
2390149;12;31/05/2015 16:30;Strada Urbana;VIA DI MEZZOCAMMINO;all'intersezione con;VIA ALFONSINE;VIA ALFONSINE;;;Scontro frontale/laterale SX fra veicoli in marcia;Incrocio;Due carreggiate;Asciutto;Asfaltata;Verticale ed orizzontale;Sereno;Normale;Buona;Ore Diurne;2;0;0;3;12.43536;41.78812;-1;1;Autovettura privata;In marcia / fermata / arresto;Passeggero;M;Illeso;0;;Utilizzato;Inesploso
2390149;12;31/05/2015 16:30;Strada Urbana;VIA DI MEZZOCAMMINO;all'intersezione con;VIA ALFONSINE;VIA ALFONSINE;;;Scontro frontale/laterale SX fra veicoli in marcia;Incrocio;Due carreggiate;Asciutto;Asfaltata;Verticale ed orizzontale;Sereno;Normale;Buona;Ore Diurne;2;0;0;3;12.43536;41.78812;-1;2;Autovettura privata;In marcia / fermata / arresto;Conducente;M;Rimandato;0;NON DECEDUTO;Utilizzato;Inesploso
2390149;12;31/05/2015 16:30;Strada Urbana;VIA DI MEZZOCAMMINO;all'intersezione con;VIA ALFONSINE;VIA ALFONSINE;;;Scontro frontale/laterale SX fra veicoli in marcia;Incrocio;Due carreggiate;Asciutto;Asfaltata;Verticale ed orizzontale;Sereno;Normale;Buona;Ore Diurne;2;0;0;3;12.43536;41.78812;-1;2;Autovettura privata;In marcia / fermata / arresto;Passeggero;F;Rimandato;0;NON DECEDUTO;Utilizzato;Inesploso
2390155;17;30/05/2015 17:50;Strada Urbana;VIA GIUSEPPE DI BARTOLO;all'intersezione con;VIA ANGELO EMO;VIA ANGELO EMO;;;Scontro frontale/laterale SX fra veicoli in marcia;Incrocio;Una carreggiata a doppio senso;Asciutto;Asfaltata;Verticale ed orizzontale;Sereno;Normale;Buona;Ore Diurne;1;0;0;2;12.44405;41.90341;-1;1;Autovettura privata;In marcia / fermata / arresto;Conducente;M;Illeso;0;;Non accertato;
2390155;17;30/05/2015 17:50;Strada Urbana;VIA GIUSEPPE DI BARTOLO;all'intersezione con;VIA ANGELO EMO;VIA ANGELO EMO;;;Scontro frontale/laterale SX fra veicoli in marcia;Incrocio;Una carreggiata a doppio senso;Asciutto;Asfaltata;Verticale ed orizzontale;Sereno;Normale;Buona;Ore Diurne;1;0;0;2;12.44405;41.90341;-1;1;Autovettura privata;In marcia / fermata / arresto;Passeggero;M;Illeso;0;;;
2390155;17;30/05/2015 17:50;Strada Urbana;VIA GIUSEPPE DI BARTOLO;all'intersezione con;VIA ANGELO EMO;VIA ANGELO EMO;;;Scontro frontale/laterale SX fra veicoli in marcia;Incrocio;Una carreggiata a doppio senso;Asciutto;Asfaltata;Verticale ed orizzontale;Sereno;Normale;Buona;Ore Diurne;1;0;0;2;12.44405;41.90341;-1;2;Motociclo a solo;In marcia / fermata / arresto;Conducente;M;Rimandato;0;NON DECEDUTO;;
2390189;12;31/05/2015 08:25;Provinciale;VIA DI PRATICA;in corrispondenza;;della chilometrica;1.6;;Scontro frontale/laterale SX fra veicoli in marcia;Curva senza visuale libera;Una carreggiata a doppio senso;Asciutto;Asfaltata;Orizzontale;Sereno;Normale;Buona;Ore Diurne;1;0;1;4;12.42959;41.70403;-1;1;Autovettura privata;In marcia / fermata / arresto;Conducente;M;Illeso;0;;Utilizzato;Esploso
2390189;12;31/05/2015 08:25;Provinciale;VIA DI PRATICA;in corrispondenza;;della chilometrica;1.6;;Scontro frontale/laterale SX fra veicoli in marcia;Curva senza visuale libera;Una carreggiata a doppio senso;Asciutto;Asfaltata;Orizzontale;Sereno;Normale;Buona;Ore Diurne;1;0;1;4;12.42959;41.70403;-1;1;Autovettura privata;In marcia / fermata / arresto;Passeggero;F;Deceduto durante prime cure;-1;;Non accertato;Esploso
2390189;12;31/05/2015 08:25;Provinciale;VIA DI PRATICA;in corrispondenza;;della chilometrica;1.6;;Scontro frontale/laterale SX fra veicoli in marcia;Curva senza visuale libera;Una carreggiata a doppio senso;Asciutto;Asfaltata;Orizzontale;Sereno;Normale;Buona;Ore Diurne;1;0;1;4;12.42959;41.70403;-1;1;Autovettura privata;In marcia / fermata / arresto;Passeggero;F;Illeso;0;;Utilizzato;Esploso
2390189;12;31/05/2015 08:25;Provinciale;VIA DI PRATICA;in corrispondenza;;della chilometrica;1.6;;Scontro frontale/laterale SX fra veicoli in marcia;Curva senza visuale libera;Una carreggiata a doppio senso;Asciutto;Asfaltata;Orizzontale;Sereno;Normale;Buona;Ore Diurne;1;0;1;4;12.42959;41.70403;-1;1;Autovettura privata;In marcia / fermata / arresto;Passeggero;F;Illeso;0;;Utilizzato;Esploso
2390189;12;31/05/2015 08:25;Provinciale;VIA DI PRATICA;in corrispondenza;;della chilometrica;1.6;;Scontro frontale/laterale SX fra veicoli in marcia;Curva senza visuale libera;Una carreggiata a doppio senso;Asciutto;Asfaltata;Orizzontale;Sereno;Normale;Buona;Ore Diurne;1;0;1;4;12.42959;41.70403;-1;2;Autovettura privata;In marcia / fermata / arresto;Conducente;M;Rimandato;0;NON DECEDUTO;Utilizzato;Esploso
2390189;12;31/05/2015 08:25;Provinciale;VIA DI PRATICA;in corrispondenza;;della chilometrica;1.6;;Scontro frontale/laterale SX fra veicoli in marcia;Curva senza visuale libera;Una carreggiata a doppio senso;Asciutto;Asfaltata;Orizzontale;Sereno;Normale;Buona;Ore Diurne;1;0;1;4;12.42959;41.70403;-1;2;Autovettura privata;In marcia / fermata / arresto;Passeggero;M;Illeso;0;;Utilizzato;Inesploso
2390251;17;31/05/2015 01:40;Strada Urbana;VIALE DELLE MILIZIE;all'intersezione semaforizzata con;VIALE ANGELICO;VIALE ANGELICO;;;Investimento di pedone;Intersezione semaforizzata;Più di due carreggiate;Asciutto;Asfaltata;Verticale ed orizzontale;Sereno;Scarso;Sufficiente;Sufficiente;1;0;0;1;12.45809;41.91135;-1;;;;Pedone;M;Rimandato;0;NON DECEDUTO;;
2390251;17;31/05/2015 01:40;Strada Urbana;VIALE DELLE MILIZIE;all'intersezione semaforizzata con;VIALE ANGELICO;VIALE ANGELICO;;;Investimento di pedone;Intersezione semaforizzata;Più di due carreggiate;Asciutto;Asfaltata;Verticale ed orizzontale;Sereno;Scarso;Sufficiente;Sufficiente;1;0;0;1;12.45809;41.91135;-1;1;Autovettura privata;In marcia / fermata / arresto;Conducente;M;Illeso;0;;;Inesploso
2390258;17;31/05/2015 19:00;Strada Urbana;LUNGOTEVERE DEI MELLINI;da specificare;;;;rampa di entrata sottopasso in pross. civ.13;Scontro laterale fra veicoli in marcia;Curva a visuale libera;Una carreggiata a senso unico di marcia;Asciutto;Asfaltata;Verticale ed orizzontale;Sereno;Normale;Buona;Ore Diurne;1;0;0;2;12.47315;41.90715;-1;1;Autovettura privata;In marcia / fermata / arresto;Conducente;F;Illeso;0;;;
2390258;17;31/05/2015 19:00;Strada Urbana;LUNGOTEVERE DEI MELLINI;da specificare;;;;rampa di entrata sottopasso in pross. civ.13;Scontro laterale fra veicoli in marcia;Curva a visuale libera;Una carreggiata a senso unico di marcia;Asciutto;Asfaltata;Verticale ed orizzontale;Sereno;Normale;Buona;Ore Diurne;1;0;0;2;12.47315;41.90715;-1;1;Autovettura privata;In marcia / fermata / arresto;Passeggero;M;Illeso;0;;;
2390258;17;31/05/2015 19:00;Strada Urbana;LUNGOTEVERE DEI MELLINI;da specificare;;;;rampa di entrata sottopasso in pross. civ.13;Scontro laterale fra veicoli in marcia;Curva a visuale libera;Una carreggiata a senso unico di marcia;Asciutto;Asfaltata;Verticale ed orizzontale;Sereno;Normale;Buona;Ore Diurne;1;0;0;2;12.47315;41.90715;-1;2;Motociclo con passeggero;In marcia / fermata / arresto;Conducente;F;Rimandato;0;NON DECEDUTO;;
2391227;17;31/05/2015 21:30;Strada Urbana;VIALE DEI GLADIATORI;da specificare;;;;AREA INTERNA CHE COSTEGGIA L'AULA BUNKER;Veicolo in marcia contro ostacolo accidentale;Rettilineo;Una carreggiata a doppio senso;Asciutto;Asfaltata;Assente;Sereno;Scarso;Sufficiente;Sufficiente;1;0;0;0;12.45584;41.92776;-1;1;Motociclo con passeggero;In marcia / fermata / arresto;Conducente;M;Rimandato;0;NON DECEDUTO;Non accertato;
2391261;18;19/05/2015 18:30;Strada Urbana;VIA DELLA PINETA SACCHETTI;in prossimità;;del civico n.;53;;Scontro frontale/laterale DX fra veicoli in marcia;Rettilineo;Una carreggiata a doppio senso;Asciutto;Asfaltata;Verticale ed orizzontale;Sereno;Normale;Buona;Ore Diurne;0;0;0;3;12.42294;41.91425;-1;1;Autovettura privata;In marcia / fermata / arresto;Conducente;F;Illeso;0;;Non accertato;
2391261;18;19/05/2015 18:30;Strada Urbana;VIA DELLA PINETA SACCHETTI;in prossimità;;del civico n.;53;;Scontro frontale/laterale DX fra veicoli in marcia;Rettilineo;Una carreggiata a doppio senso;Asciutto;Asfaltata;Verticale ed orizzontale;Sereno;Normale;Buona;Ore Diurne;0;0;0;3;12.42294;41.91425;-1;2;Motociclo con passeggero;In marcia / fermata / arresto;Conducente;M;Illeso;0;;Non accertato;
2391261;18;19/05/2015 18:30;Strada Urbana;VIA DELLA PINETA SACCHETTI;in prossimità;;del civico n.;53;;Scontro frontale/laterale DX fra veicoli in marcia;Rettilineo;Una carreggiata a doppio senso;Asciutto;Asfaltata;Verticale ed orizzontale;Sereno;Normale;Buona;Ore Diurne;0;0;0;3;12.42294;41.91425;-1;2;Motociclo con passeggero;In marcia / fermata / arresto;Passeggero;F;Illeso;0;;Non accertato;
2391285;18;19/05/2015 15:30;Strada Urbana;VIA GREGORIO VII;in corrispondenza;;del civico n.;207;;Scontro laterale fra veicoli in marcia;Rettilineo;Più di due carreggiate;Asciutto;Asfaltata;Verticale;Sereno;Normale;Buona;Ore Diurne;0;0;0;2;12.44585;41.89529;-1;1;Autovettura privata;In marcia / fermata / arresto;Conducente;F;Illeso;0;;Utilizzato;Inesploso
2391285;18;19/05/2015 15:30;Strada Urbana;VIA GREGORIO VII;in corrispondenza;;del civico n.;207;;Scontro laterale fra veicoli in marcia;Rettilineo;Più di due carreggiate;Asciutto;Asfaltata;Verticale;Sereno;Normale;Buona;Ore Diurne;0;0;0;2;12.44585;41.89529;-1;2;Motociclo a solo;In marcia / fermata / arresto;Conducente;M;Illeso;0;;Utilizzato;
2391312;18;20/05/2015 16:25;Strada Urbana;VIA LUCIO II;in prossimità;;del civico n.;185;;Scontro frontale/laterale DX fra veicoli in marcia;Rettilineo;Una carreggiata a senso unico di marcia;Asciutto;Asfaltata;Verticale;Nuvoloso;Normale;Buona;Ore Diurne;0;0;0;2;12.41764;41.90781;-1;1;Autovettura privata;In marcia / fermata / arresto;Conducente;F;Illeso;0;;Non accertato;
2391312;18;20/05/2015 16:25;Strada Urbana;VIA LUCIO II;in prossimità;;del civico n.;185;;Scontro frontale/laterale DX fra veicoli in marcia;Rettilineo;Una carreggiata a senso unico di marcia;Asciutto;Asfaltata;Verticale;Nuvoloso;Normale;Buona;Ore Diurne;0;0;0;2;12.41764;41.90781;-1;2;Autovettura privata;In marcia / fermata / arresto;Conducente;F;Illeso;0;;Non accertato;
2391354;18;20/05/2015 12:20;Strada Urbana;VIA DI BOCCEA;all'intersezione con;VIA PIO IX;VIA PIO IX;;;Scontro frontale/laterale SX fra veicoli in marcia;Intersezione stradale segnalata;Una carreggiata a doppio senso;Asciutto;Asfaltata;Verticale ed orizzontale;Sereno;Intenso;Buona;Ore Diurne;0;0;0;2;12.36609;41.92432;-1;1;Autovettura privata;In marcia / fermata / arresto;Conducente;M;Illeso;0;;Non accertato;Inesploso
2391354;18;20/05/2015 12:20;Strada Urbana;VIA DI BOCCEA;all'intersezione con;VIA PIO IX;VIA PIO IX;;;Scontro frontale/laterale SX fra veicoli in marcia;Intersezione stradale segnalata;Una carreggiata a doppio senso;Asciutto;Asfaltata;Verticale ed orizzontale;Sereno;Intenso;Buona;Ore Diurne;0;0;0;2;12.36609;41.92432;-1;2;Autovettura privata;In marcia / fermata / arresto;Conducente;M;Illeso;0;;Non accertato;Inesploso