Protocollo;Gruppo;DataOraIncidente;Localizzazione1;STRADA1;Localizzazione2;STRADA2;Strada02;Chilometrica;DaSpecificare;NaturaIncidente;particolaritastrade;TipoStrada;FondoStradale;Pavimentazione;Segnaletica;CondizioneAtmosferica;Traffico;Visibilita;Illuminazione;NUM_FERITI;NUM_RISERVATA;NUM_MORTI;NUM_ILLESI;Longitudine;Latitudine;Confermato;Progressivo;TipoVeicolo;StatoVeicolo;TipoPersona;Sesso;Tipolesione;Deceduto;DecedutoDopo;CinturaCascoUtilizzato;Airbag
2394170;18;22/05/2015 16:15;Strada Urbana;VIA DI CASAL SELCE;in prossimità;;del civico n.;387;;Scontro laterale fra veicoli in marcia;Rettilineo;Una carreggiata a doppio senso;Asciutto;Asfaltata;Verticale ed orizzontale;Nuvoloso;Normale;Buona;Ore Diurne;0;0;0;2;12.35226;41.91632;-1;1;Autocarro superiore 35 q.;In marcia / fermata / arresto;Conducente;M;Illeso;0;;Non accertato;Inesploso
2394170;18;22/05/2015 16:15;Strada Urbana;VIA DI CASAL SELCE;in prossimità;;del civico n.;387;;Scontro laterale fra veicoli in marcia;Rettilineo;Una carreggiata a doppio senso;Asciutto;Asfaltata;Verticale ed orizzontale;Nuvoloso;Normale;Buona;Ore Diurne;0;0;0;2;12.35226;41.91632;-1;2;Autovettura privata;In marcia / fermata / arresto;Conducente;F;Illeso;0;;Non accertato;Inesploso
2394247;18;27/05/2015 17:15;Strada Urbana;VIA AURELIA;da specificare;;;;prossimità cavalcavia di via Villa Troili;Tamponamento Multiplo;Rettilineo;Due carreggiate;Bagnato (pioggia);Asfaltata;Verticale ed orizzontale;Pioggia in atto;Intenso;Buona;Ore Diurne;0;0;0;4;12.37298;41.88674;-1;1;Autovettura privata;In marcia / fermata / arresto;Conducente;F;Illeso;0;;Non accertato;
2394247;18;27/05/2015 17:15;Strada Urbana;VIA AURELIA;da specificare;;;;prossimità cavalcavia di via Villa Troili;Tamponamento Multiplo;Rettilineo;Due carreggiate;Bagnato (pioggia);Asfaltata;Verticale ed orizzontale;Pioggia in atto;Intenso;Buona;Ore Diurne;0;0;0;4;12.37298;41.88674;-1;1;Autovettura privata;In marcia / fermata / arresto;Passeggero;M;Illeso;0;;Non accertato;
2394247;18;27/05/2015 17:15;Strada Urbana;VIA AURELIA;da specificare;;;;prossimità cavalcavia di via Villa Troili;Tamponamento Multiplo;Rettilineo;Due carreggiate;Bagnato (pioggia);Asfaltata;Verticale ed orizzontale;Pioggia in atto;Intenso;Buona;Ore Diurne;0;0;0;4;12.37298;41.88674;-1;2;Autovettura privata;In marcia / fermata / arresto;Conducente;F;Illeso;0;;Non accertato;Inesploso
2394247;18;27/05/2015 17:15;Strada Urbana;VIA AURELIA;da specificare;;;;prossimità cavalcavia di via Villa Troili;Tamponamento Multiplo;Rettilineo;Due carreggiate;Bagnato (pioggia);Asfaltata;Verticale ed orizzontale;Pioggia in atto;Intenso;Buona;Ore Diurne;0;0;0;4;12.37298;41.88674;-1;3;Autovettura privata;In marcia / fermata / arresto;Conducente;M;Illeso;0;;Non accertato;
2394434;18;28/05/2015 18:00;Statale;VIA AURELIA;da specificare;;;;direzione Civitavecchia in prossimità km 9.600;Tamponamento Multiplo;Rettilineo;Due carreggiate;Asciutto;Asfaltata;Verticale ed orizzontale;Sereno;Normale;Buona;Ore Diurne;0;0;0;4;12.39049;41.88597;-1;1;Autovettura privata;In marcia / fermata / arresto;Conducente;M;Illeso;0;;Non accertato;Inesploso
2394434;18;28/05/2015 18:00;Statale;VIA AURELIA;da specificare;;;;direzione Civitavecchia in prossimità km 9.600;Tamponamento Multiplo;Rettilineo;Due carreggiate;Asciutto;Asfaltata;Verticale ed orizzontale;Sereno;Normale;Buona;Ore Diurne;0;0;0;4;12.39049;41.88597;-1;2;Autovettura privata;In marcia / fermata / arresto;Conducente;F;Illeso;0;;Non accertato;Inesploso
2394434;18;28/05/2015 18:00;Statale;VIA AURELIA;da specificare;;;;direzione Civitavecchia in prossimità km 9.600;Tamponamento Multiplo;Rettilineo;Due carreggiate;Asciutto;Asfaltata;Verticale ed orizzontale;Sereno;Normale;Buona;Ore Diurne;0;0;0;4;12.39049;41.88597;-1;3;Autovettura privata;In marcia / fermata / arresto;Conducente;M;Illeso;0;;Non accertato;Inesploso
2394434;18;28/05/2015 18:00;Statale;VIA AURELIA;da specificare;;;;direzione Civitavecchia in prossimità km 9.600;Tamponamento Multiplo;Rettilineo;Due carreggiate;Asciutto;Asfaltata;Verticale ed orizzontale;Sereno;Normale;Buona;Ore Diurne;0;0;0;4;12.39049;41.88597;-1;3;Autovettura privata;In marcia / fermata / arresto;Passeggero;M;Illeso;0;;Non accertato;Inesploso
2396536;18;29/05/2015 12:35;Strada Urbana;VIA BALDO DEGLI UBALDI;in prossimità;;del civico n.;178;;Ribaltamento senza urto contro ostacolo fisso;Rettilineo;Due carreggiate;Asciutto;Asfaltata;Verticale ed orizzontale;Sereno;Normale;Buona;Ore Diurne;1;0;0;1;12.4359;41.89945;-1;1;Motociclo a solo;In marcia / fermata / arresto;Conducente;M;Rimandato;0;NON DECEDUTO;Non accertato;
2396536;18;29/05/2015 12:35;Strada Urbana;VIA BALDO DEGLI UBALDI;in prossimità;;del civico n.;178;;Ribaltamento senza urto contro ostacolo fisso;Rettilineo;Due carreggiate;Asciutto;Asfaltata;Verticale ed orizzontale;Sereno;Normale;Buona;Ore Diurne;1;0;0;1;12.4359;41.89945;-1;2;Autovettura privata;In marcia / fermata / arresto;Conducente;F;Illeso;0;;Non accertato;Inesploso
2396789;18;22/05/2015 07:15;Strada Urbana;VIA GIUSEPPE PIOLTI DE' BIANCHI;all'intersezione con;VIA FRATEL GIUSEPPE LAZZARO;VIA FRATEL GIUSEPPE LAZZARO;;;Scontro laterale fra veicoli in marcia;Intersezione non regolata/non segnalata;Una carreggiata a doppio senso;Asciutto;Asfaltata;Assente;Sereno;Normale;Buona;Ore Diurne;1;0;0;1;12.3979;41.91294;-1;1;Autovettura privata;In marcia / fermata / arresto;Conducente;M;Illeso;0;;;
2396789;18;22/05/2015 07:15;Strada Urbana;VIA GIUSEPPE PIOLTI DE' BIANCHI;all'intersezione con;VIA FRATEL GIUSEPPE LAZZARO;VIA FRATEL GIUSEPPE LAZZARO;;;Scontro laterale fra veicoli in marcia;Intersezione non regolata/non segnalata;Una carreggiata a doppio senso;Asciutto;Asfaltata;Assente;Sereno;Normale;Buona;Ore Diurne;1;0;0;1;12.3979;41.91294;-1;2;Motociclo a solo;In marcia / fermata / arresto;Conducente;M;Rimandato;0;NON DECEDUTO;;
2396943;18;27/05/2015 06:50;Statale entro l'abitato;VIA AURELIA;in corrispondenza;;del civico n.;269;;Scontro frontale/laterale DX fra veicoli in marcia;Rettilineo;Una carreggiata a doppio senso;Asciutto;Asfaltata;Orizzontale;Nuvoloso;Normale;Buona;Ore Diurne;0;0;0;3;12.44158;41.89851;-1;1;Autocarro inferiore 35 q.;In marcia / fermata / arresto;Conducente;M;Illeso;0;;Non accertato;Inesploso
2396943;18;27/05/2015 06:50;Statale entro l'abitato;VIA AURELIA;in corrispondenza;;del civico n.;269;;Scontro frontale/laterale DX fra veicoli in marcia;Rettilineo;Una carreggiata a doppio senso;Asciutto;Asfaltata;Orizzontale;Nuvoloso;Normale;Buona;Ore Diurne;0;0;0;3;12.44158;41.89851;-1;1;Autocarro inferiore 35 q.;In marcia / fermata / arresto;Passeggero;M;Illeso;0;;Non accertato;Inesploso
2396943;18;27/05/2015 06:50;Statale entro l'abitato;VIA AURELIA;in corrispondenza;;del civico n.;269;;Scontro frontale/laterale DX fra veicoli in marcia;Rettilineo;Una carreggiata a doppio senso;Asciutto;Asfaltata;Orizzontale;Nuvoloso;Normale;Buona;Ore Diurne;0;0;0;3;12.44158;41.89851;-1;2;Motociclo a solo;In marcia / fermata / arresto;Conducente;M;Illeso;0;;Non accertato;
2396979;18;28/05/2015 20:30;Strada Urbana;VIA BALDO DEGLI UBALDI;in prossimità;;del civico n.;100;;Veicolo in marcia contro veicolo in sosta;Pendenza;Due carreggiate;Asciutto;Asfaltata;Verticale ed orizzontale;Sereno;Normale;Sufficiente;Sufficiente;0;0;0;1;12.43365;41.89889;-1;1;Autovettura privata;In marcia / fermata / arresto;Conducente;F;Illeso;0;;Non accertato;Inesploso
2397001;18;27/05/2015 08:25;Strada Urbana;VIA GREGORIO VII;in prossimità;;del civico n.;6;;Scontro laterale fra veicoli in marcia;Rettilineo;Più di due carreggiate;Asciutto;Asfaltata;Verticale ed orizzontale;Sereno;Normale;Buona;Ore Diurne;0;0;0;2;12.45048;41.89818;-1;1;Autovettura privata;In marcia / fermata / arresto;Conducente;M;Illeso;0;;Non accertato;Inesploso
2397001;18;27/05/2015 08:25;Strada Urbana;VIA GREGORIO VII;in prossimità;;del civico n.;6;;Scontro laterale fra veicoli in marcia;Rettilineo;Più di due carreggiate;Asciutto;Asfaltata;Verticale ed orizzontale;Sereno;Normale;Buona;Ore Diurne;0;0;0;2;12.45048;41.89818;-1;2;Motociclo a solo;In marcia / fermata / arresto;Conducente;M;Illeso;0;;Non accertato;
2397040;18;28/05/2015 10:00;Strada Urbana;CIRCONVALLAZIONE AURELIA;all'intersezione con;VIA GIUSEPPE PALOMBINI;VIA GIUSEPPE PALOMBINI;;;Investimento di pedone;Intersezione non regolata/non segnalata;Più di due carreggiate;Asciutto;Asfaltata;Verticale ed orizzontale;Sereno;Intenso;Buona;Ore Diurne;1;0;0;2;12.42878;41.89664;-1;;;;Pedone;F;Rimandato;0;NON DECEDUTO;;
2397040;18;28/05/2015 10:00;Strada Urbana;CIRCONVALLAZIONE AURELIA;all'intersezione con;VIA GIUSEPPE PALOMBINI;VIA GIUSEPPE PALOMBINI;;;Investimento di pedone;Intersezione non regolata/non segnalata;Più di due carreggiate;Asciutto;Asfaltata;Verticale ed orizzontale;Sereno;Intenso;Buona;Ore Diurne;1;0;0;2;12.42878;41.89664;-1;1;Autovettura privata;In marcia / fermata / arresto;Conducente;F;Illeso;0;;Non accertato;Inesploso
2397040;18;28/05/2015 10:00;Strada Urbana;CIRCONVALLAZIONE AURELIA;all'intersezione con;VIA GIUSEPPE PALOMBINI;VIA GIUSEPPE PALOMBINI;;;Investimento di pedone;Intersezione non regolata/non segnalata;Più di due carreggiate;Asciutto;Asfaltata;Verticale ed orizzontale;Sereno;Intenso;Buona;Ore Diurne;1;0;0;2;12.42878;41.89664;-1;1;Autovettura privata;In marcia / fermata / arresto;Passeggero;F;Illeso;0;;Non accertato;Inesploso
2397060;18;29/05/2015 12:30;Strada Urbana;PIAZZA IRNERIO;da specificare;;;;in corrispondenza fronte civ. 47;Scontro laterale fra veicoli in marcia;Rettilineo;Più di due carreggiate;Asciutto;Asfaltata;Verticale ed orizzontale;Sereno;Normale;Buona;Ore Diurne;1;0;0;1;12.42941;41.89858;-1;1;Autovettura privata;In marcia / fermata / arresto;Conducente;M;Illeso;0;;Non accertato;Inesploso
2397060;18;29/05/2015 12:30;Strada Urbana;PIAZZA IRNERIO;da specificare;;;;in corrispondenza fronte civ. 47;Scontro laterale fra veicoli in marcia;Rettilineo;Più di due carreggiate;Asciutto;Asfaltata;Verticale ed orizzontale;Sereno;Normale;Buona;Ore Diurne;1;0;0;1;12.42941;41.89858;-1;2;Motociclo a solo;In marcia / fermata / arresto;Conducente;M;Rimandato;0;NON DECEDUTO;Non accertato;
2397064;18;28/05/2015 22:50;Strada Urbana;VIA DI BOCCEA;in corrispondenza;;del civico n.;306;;Veicolo in marcia contro veicoli in arresto;Rettilineo;Una carreggiata a doppio senso;Asciutto;Asfaltata;Verticale ed orizzontale;Sereno;Scarso;Buona;Sufficiente;0;0;0;3;12.41642;41.90361;-1;1;Autovettura privata;In marcia / fermata / arresto;Conducente;M;Illeso;0;;;
2397064;18;28/05/2015 22:50;Strada Urbana;VIA DI BOCCEA;in corrispondenza;;del civico n.;306;;Veicolo in marcia contro veicoli in arresto;Rettilineo;Una carreggiata a doppio senso;Asciutto;Asfaltata;Verticale ed orizzontale;Sereno;Scarso;Buona;Sufficiente;0;0;0;3;12.41642;41.90361;-1;2;Autocarro inferiore 35 q.;In marcia / fermata / arresto;Conducente;M;Illeso;0;;Non accertato;Inesploso
2397064;18;28/05/2015 22:50;Strada Urbana;VIA DI BOCCEA;in corrispondenza;;del civico n.;306;;Veicolo in marcia contro veicoli in arresto;Rettilineo;Una carreggiata a doppio senso;Asciutto;Asfaltata;Verticale ed orizzontale;Sereno;Scarso;Buona;Sufficiente;0;0;0;3;12.41642;41.90361;-1;2;Autocarro inferiore 35 q.;In marcia / fermata / arresto;Passeggero;F;Illeso;0;;Non accertato;Inesploso
2397120;18;28/05/2015 10:00;Strada Urbana;VIA AURELIA;all'intersezione con;VIA PIETRO CIRIACI;VIA PIETRO CIRIACI;;;Scontro laterale fra veicoli in marcia;Intersezione non regolata/non segnalata;Una carreggiata a doppio senso;Asciutto;Asfaltata;Verticale ed orizzontale;Sereno;Normale;Buona;Ore Diurne;1;0;0;1;12.40611;41.88871;-1;1;Autovettura privata;In marcia / fermata / arresto;Conducente;M;Illeso;0;;Non accertato;Inesploso
2397120;18;28/05/2015 10:00;Strada Urbana;VIA AURELIA;all'intersezione con;VIA PIETRO CIRIACI;VIA PIETRO CIRIACI;;;Scontro laterale fra veicoli in marcia;Intersezione non regolata/non segnalata;Una carreggiata a doppio senso;Asciutto;Asfaltata;Verticale ed orizzontale;Sereno;Normale;Buona;Ore Diurne;1;0;0;1;12.40611;41.88871;-1;2;Motociclo a solo;In marcia / fermata / arresto;Conducente;M;Rimandato;0;NON DECEDUTO;Non accertato;
2397209;18;28/05/2015 19:25;Strada Urbana;CIRCONVALLAZIONE CORNELIA;all'intersezione semaforizzata con;PIAZZA S. GIOVANNI BATTISTA DE LA SALLE;PIAZZA S. GIOVANNI BATTISTA DE LA SALLE;;;Tamponamento;Intersezione semaforizzata;Due carreggiate;Asciutto;Asfaltata;Verticale ed orizzontale;Sereno;Intenso;Buona;Ore Diurne;0;0;0;2;12.42589;41.90186;-1;1;Autovettura privata;In marcia / fermata / arresto;Conducente;F;Illeso;0;;Non accertato;Inesploso
2397209;18;28/05/2015 19:25;Strada Urbana;CIRCONVALLAZIONE CORNELIA;all'intersezione semaforizzata con;PIAZZA S. GIOVANNI BATTISTA DE LA SALLE;PIAZZA S. GIOVANNI BATTISTA DE LA SALLE;;;Tamponamento;Intersezione semaforizzata;Due carreggiate;Asciutto;Asfaltata;Verticale ed orizzontale;Sereno;Intenso;Buona;Ore Diurne;0;0;0;2;12.42589;41.90186;-1;2;Autovettura privata;In marcia / fermata / arresto;Conducente;F;Illeso;0;;Non accertato;Inesploso
2397220;18;29/05/2015 08:15;Strada Urbana;VIA DI BOCCEA;da specificare;;;;in pross. del civ. 571,in corrisp. della rotatoria;Ribaltamento senza urto contro ostacolo fisso;Rotatoria;Due carreggiate;Viscido da liquidi oleosi;Asfaltata;Verticale ed orizzontale;Sereno;Normale;Buona;Ore Diurne;2;0;0;0;12.36609;41.92432;-1;1;Motociclo con passeggero;In marcia / fermata / arresto;Conducente;M;Rimandato;0;NON DECEDUTO;Non accertato;
2397220;18;29/05/2015 08:15;Strada Urbana;VIA DI BOCCEA;da specificare;;;;in pross. del civ. 571,in corrisp. della rotatoria;Ribaltamento senza urto contro ostacolo fisso;Rotatoria;Due carreggiate;Viscido da liquidi oleosi;Asfaltata;Verticale ed orizzontale;Sereno;Normale;Buona;Ore Diurne;2;0;0;0;12.36609;41.92432;-1;1;Motociclo con passeggero;In marcia / fermata / arresto;Passeggero;M;Rimandato;0;NON DECEDUTO;Non accertato;
2397251;18;28/05/2015 16:00;Strada Urbana;VIA AURELIA;da specificare;;;;in prossimitàdo Via D'Amelio;Veicolo in marcia contro veicolo in sosta;Rettilineo;Due carreggiate;Asciutto;Asfaltata;Verticale ed orizzontale;Sereno;Normale;Buona;Ore Diurne;0;0;0;1;12.40607;41.88849;-1;1;Autovettura privata;In marcia / fermata / arresto;Conducente;M;Illeso;0;;Non accertato;Inesploso
2397284;18;29/05/2015 13:05;Strada Urbana;VIA DI BOCCEA;da specificare;;;;in prossimità intersezione con via APRICALE ;Scontro laterale fra veicoli in marcia;Rettilineo;Due carreggiate;Asciutto;Asfaltata;Verticale ed orizzontale;Sereno;Normale;Buona;Ore Diurne;0;0;0;2;12.36609;41.92432;-1;1;Autovettura privata;In marcia / fermata / arresto;Conducente;M;Illeso;0;;Non accertato;Inesploso
2397284;18;29/05/2015 13:05;Strada Urbana;VIA DI BOCCEA;da specificare;;;;in prossimità intersezione con via APRICALE ;Scontro laterale fra veicoli in marcia;Rettilineo;Due carreggiate;Asciutto;Asfaltata;Verticale ed orizzontale;Sereno;Normale;Buona;Ore Diurne;0;0;0;2;12.36609;41.92432;-1;2;Motociclo a solo;In marcia / fermata / arresto;Conducente;M;Illeso;0;;Non accertato;
2397359;18;28/05/2015 14:45;Strada Urbana;VIA AURELIA;in prossimità;;del civico n.;456;;Veicolo in marcia contro ostacolo accidentale;Rettilineo;Due carreggiate;Sdrucciolevole (pietrisco);Asfaltata;Verticale;Sereno;Intenso;Buona;Ore Diurne;1;0;0;0;12.42587;41.89879;-1;1;Motociclo a solo;In marcia / fermata / arresto;Conducente;M;Rimandato;0;NON DECEDUTO;Non accertato;
2397688;18;30/05/2015 14:15;Strada Urbana;VIA DI BOCCEA;all'intersezione semaforizzata con;VIA DI TORREVECCHIA;VIA DI TORREVECCHIA;;;Investimento di pedone;Intersezione semaforizzata;Due carreggiate;Asciutto;Asfaltata;Verticale ed orizzontale;Sereno;Normale;Buona;Ore Diurne;1;0;0;1;12.39934;41.91074;-1;;;;Pedone;F;Ricoverato;0;NON DECEDUTO;;
2397688;18;30/05/2015 14:15;Strada Urbana;VIA DI BOCCEA;all'intersezione semaforizzata con;VIA DI TORREVECCHIA;VIA DI TORREVECCHIA;;;Investimento di pedone;Intersezione semaforizzata;Due carreggiate;Asciutto;Asfaltata;Verticale ed orizzontale;Sereno;Normale;Buona;Ore Diurne;1;0;0;1;12.39934;41.91074;-1;1;Autovettura pubblica;In marcia / fermata / arresto;Conducente;M;Illeso;0;;Non accertato;Inesploso
2397799;18;30/05/2015 18:00;Strada Urbana;VIA AURELIA;in prossimità;;del civico n.;724;;Scontro laterale fra veicoli in marcia;Rettilineo;Più di due carreggiate;Asciutto;Asfaltata;Verticale ed orizzontale;Sereno;Normale;Buona;Ore Diurne;0;0;0;3;12.41379;41.89232;-1;1;Motociclo a solo;In marcia / fermata / arresto;Conducente;M;Illeso;0;;Non accertato;
2397799;18;30/05/2015 18:00;Strada Urbana;VIA AURELIA;in prossimità;;del civico n.;724;;Scontro laterale fra veicoli in marcia;Rettilineo;Più di due carreggiate;Asciutto;Asfaltata;Verticale ed orizzontale;Sereno;Normale;Buona;Ore Diurne;0;0;0;3;12.41379;41.89232;-1;2;Autovettura privata;In marcia / fermata / arresto;Conducente;M;Illeso;0;;Non accertato;Inesploso
2397799;18;30/05/2015 18:00;Strada Urbana;VIA AURELIA;in prossimità;;del civico n.;724;;Scontro laterale fra veicoli in marcia;Rettilineo;Più di due carreggiate;Asciutto;Asfaltata;Verticale ed orizzontale;Sereno;Normale;Buona;Ore Diurne;0;0;0;3;12.41379;41.89232;-1;2;Autovettura privata;In marcia / fermata / arresto;Passeggero;F;Illeso;0;;Non accertato;Inesploso
2397884;18;31/05/2015 12:30;Strada Urbana;VIA DELLA PINETA SACCHETTI;in corrispondenza;;del civico n.;78;;Scontro frontale/laterale DX fra veicoli in marcia;Rettilineo;Una carreggiata a doppio senso;Asciutto;Asfaltata;Verticale ed orizzontale;Sereno;Normale;Buona;Ore Diurne;1;0;0;1;12.42538;41.9075;-1;1;Autovettura privata;In marcia / fermata / arresto;Conducente;M;Illeso;0;;Non accertato;Inesploso
2397884;18;31/05/2015 12:30;Strada Urbana;VIA DELLA PINETA SACCHETTI;in corrispondenza;;del civico n.;78;;Scontro frontale/laterale DX fra veicoli in marcia;Rettilineo;Una carreggiata a doppio senso;Asciutto;Asfaltata;Verticale ed orizzontale;Sereno;Normale;Buona;Ore Diurne;1;0;0;1;12.42538;41.9075;-1;2;Motociclo a solo;In marcia / fermata / arresto;Conducente;M;Rimandato;0;NON DECEDUTO;Non accertato;
2397891;18;30/05/2015 08:00;Strada Urbana;VIA ANASTASIO II;in corrispondenza;;del civico n.;270;;Investimento di pedone;Rettilineo;Una carreggiata a senso unico di marcia;Asciutto;Asfaltata;Assente;Sereno;Scarso;Buona;Ore Diurne;1;0;0;1;12.43823;41.8953;-1;;;;Pedone;M;Rimandato;0;NON DECEDUTO;;
2397891;18;30/05/2015 08:00;Strada Urbana;VIA ANASTASIO II;in corrispondenza;;del civico n.;270;;Investimento di pedone;Rettilineo;Una carreggiata a senso unico di marcia;Asciutto;Asfaltata;Assente;Sereno;Scarso;Buona;Ore Diurne;1;0;0;1;12.43823;41.8953;-1;1;Autovettura privata;In marcia / fermata / arresto;Conducente;M;Illeso;0;;Non accertato;Inesploso
2397972;18;31/05/2015 16:10;Statale;VIA AURELIA;in prossimità;;della chilometrica;9;;Scontro laterale fra veicoli in marcia;Rettilineo;Due carreggiate;Asciutto;Asfaltata;Verticale ed orizzontale;Sereno;Normale;Buona;Ore Diurne;0;0;0;5;12.39993;41.88539;-1;1;Autovettura privata;In marcia / fermata / arresto;Conducente;M;Illeso;0;;Non accertato;Inesploso
2397972;18;31/05/2015 16:10;Statale;VIA AURELIA;in prossimità;;della chilometrica;9;;Scontro laterale fra veicoli in marcia;Rettilineo;Due carreggiate;Asciutto;Asfaltata;Verticale ed orizzontale;Sereno;Normale;Buona;Ore Diurne;0;0;0;5;12.39993;41.88539;-1;1;Autovettura privata;In marcia / fermata / arresto;Passeggero;M;Illeso;0;;Non accertato;Inesploso
2397972;18;31/05/2015 16:10;Statale;VIA AURELIA;in prossimità;;della chilometrica;9;;Scontro laterale fra veicoli in marcia;Rettilineo;Due carreggiate;Asciutto;Asfaltata;Verticale ed orizzontale;Sereno;Normale;Buona;Ore Diurne;0;0;0;5;12.39993;41.88539;-1;2;Autovettura privata;In marcia / fermata / arresto;Conducente;M;Illeso;0;;Non accertato;Inesploso
2397972;18;31/05/2015 16:10;Statale;VIA AURELIA;in prossimità;;della chilometrica;9;;Scontro laterale fra veicoli in marcia;Rettilineo;Due carreggiate;Asciutto;Asfaltata;Verticale ed orizzontale;Sereno;Normale;Buona;Ore Diurne;0;0;0;5;12.39993;41.88539;-1;2;Autovettura privata;In marcia / fermata / arresto;Passeggero;M;Illeso;0;;Non accertato;Inesploso
2397972;18;31/05/2015 16:10;Statale;VIA AURELIA;in prossimità;;della chilometrica;9;;Scontro laterale fra veicoli in marcia;Rettilineo;Due carreggiate;Asciutto;Asfaltata;Verticale ed orizzontale;Sereno;Normale;Buona;Ore Diurne;0;0;0;5;12.39993;41.88539;-1;2;Autovettura privata;In marcia / fermata / arresto;Passeggero;F;Illeso;0;;Non accertato;Inesploso
2399606;5;25/05/2015 01:10;Strada Urbana;VIA DI PIETRALATA;da specificare;;;;altezza Via Vigna Mangani;Scontro frontale fra veicoli in marcia;Curva senza visuale libera;Una carreggiata a doppio senso;Asciutto;Asfaltata;Verticale ed orizzontale;Nuvoloso;Scarso;Buona;Sufficiente;2;0;0;0;12.5294;41.92687;-1;1;Autovettura privata;In marcia / fermata / arresto;Conducente;M;Ricoverato;0;NON DECEDUTO;Non accertato;
2399606;5;25/05/2015 01:10;Strada Urbana;VIA DI PIETRALATA;da specificare;;;;altezza Via Vigna Mangani;Scontro frontale fra veicoli in marcia;Curva senza visuale libera;Una carreggiata a doppio senso;Asciutto;Asfaltata;Verticale ed orizzontale;Nuvoloso;Scarso;Buona;Sufficiente;2;0;0;0;12.5294;41.92687;-1;2;Autovettura privata;In marcia / fermata / arresto;Conducente;M;Rimandato;0;NON DECEDUTO;Non accertato;
2400739;13;25/05/2015 20:30;Strada Urbana;VIALE DELLE REPUBBLICHE MARINARE;da specificare;;;;prossimità v.le Vasco de Gama;Investimento di pedone;Rettilineo;Due carreggiate;Asciutto;Asfaltata;Verticale ed orizzontale;Sereno;Normale;Sufficiente;Sufficiente;1;0;0;0;12.26896;41.73645;-1;;;;Pedone;M;Rimandato;0;NON DECEDUTO;;
2404408;2;20/05/2015 11:50;Strada Urbana;PIAZZALE MANILA;da specificare;;;;prossimità Viale Tiziano;Veicolo in marcia contro veicolo arresto;Rettilineo;Due carreggiate;Asciutto;Asfaltata;Verticale ed orizzontale;Sereno;Intenso;Buona;Ore Diurne;0;0;0;1;12.4718;41.9238;-1;1;Autovettura privata;In marcia / fermata / arresto;Conducente;F;Illeso;0;;Non accertato;Inesploso
2420266;5;01/05/2015 19:30;Strada Urbana;VIA DI CASAL BERTONE;da specificare;;;;corrispondenza PIAZZA DI S. MARIA CONSOLATRICE;Investimento di pedone;Rettilineo;Una carreggiata a doppio senso;Asciutto;Asfaltata;Verticale ed orizzontale;Sereno;Scarso;Sufficiente;Sufficiente;2;0;0;1;12.53542;41.89814;-1;;;;Pedone;F;Ricoverato;0;NON DECEDUTO;;
2420266;5;01/05/2015 19:30;Strada Urbana;VIA DI CASAL BERTONE;da specificare;;;;corrispondenza PIAZZA DI S. MARIA CONSOLATRICE;Investimento di pedone;Rettilineo;Una carreggiata a doppio senso;Asciutto;Asfaltata;Verticale ed orizzontale;Sereno;Scarso;Sufficiente;Sufficiente;2;0;0;1;12.53542;41.89814;-1;;;;Pedone;F;Rimandato;0;NON DECEDUTO;;
2420266;5;01/05/2015 19:30;Strada Urbana;VIA DI CASAL BERTONE;da specificare;;;;corrispondenza PIAZZA DI S. MARIA CONSOLATRICE;Investimento di pedone;Rettilineo;Una carreggiata a doppio senso;Asciutto;Asfaltata;Verticale ed orizzontale;Sereno;Scarso;Sufficiente;Sufficiente;2;0;0;1;12.53542;41.89814;-1;1;Autovettura privata;In marcia / fermata / arresto;Conducente;M;Illeso;0;;Non accertato;Inesistente
2476068;17;30/05/2015 14:45;Strada Urbana;VIALE VATICANO;in corrispondenza;;del civico n.;61;;Scontro laterale fra veicoli in marcia;Rettilineo;Una carreggiata a doppio senso;Asciutto;Asfaltata;Verticale ed orizzontale;Sereno;Normale;Buona;Ore Diurne;1;0;0;2;12.45003;41.90596;-1;1;Autovettura privata;In marcia / fermata / arresto;Conducente;F;Illeso;0;;;
2476068;17;30/05/2015 14:45;Strada Urbana;VIALE VATICANO;in corrispondenza;;del civico n.;61;;Scontro laterale fra veicoli in marcia;Rettilineo;Una carreggiata a doppio senso;Asciutto;Asfaltata;Verticale ed orizzontale;Sereno;Normale;Buona;Ore Diurne;1;0;0;2;12.45003;41.90596;-1;2;Ciclomotore;In marcia / fermata / arresto;Conducente;F;Rimandato;0;NON DECEDUTO;;
2476068;17;30/05/2015 14:45;Strada Urbana;VIALE VATICANO;in corrispondenza;;del civico n.;61;;Scontro laterale fra veicoli in marcia;Rettilineo;Una carreggiata a doppio senso;Asciutto;Asfaltata;Verticale ed orizzontale;Sereno;Normale;Buona;Ore Diurne;1;0;0;2;12.45003;41.90596;-1;2;Ciclomotore;In marcia / fermata / arresto;Passeggero;M;Illeso;0;;;
2505671;17;26/05/2015 03:08;Strada Urbana;VIA DELLA MAGLIANELLA;in prossimità;;del civico n.;256/A;;Veicolo in marcia contro ostacolo fisso;Curva a visuale libera;Una carreggiata a doppio senso;Asciutto;Asfaltata;Verticale ed orizzontale;Sereno;Scarso;Sufficiente;Sufficiente;0;0;1;0;12.38239;41.90881;-1;1;Autovettura privata;In marcia / fermata / arresto;Conducente;M;Deceduto sul posto;-1;;Non utilizzato;Inesistente